sentence,subject_entity,subj_tag,subj_start_idx,subj_end_idx,object_entity,obj_tag,obj_start_idx,obj_end_idx,gbhan,,,,,,,
현미밥은 껍질을 벗기지 않은 현미와 벗긴 쌀 백미를 적절히 섞은 것이다.,현미밥,FOD,0,2,현미,FOD,16,17,fod:ingredient,,,,,,,class_name (en)
현미밥은 껍질을 벗기지 않은 현미와 벗긴 쌀 백미를 적절히 섞은 것이다.,현미밥,FOD,0,2,백미,FOD,25,26,fod:ingredient,,,,,,,no_relation
"삼계탕은 이열치열(뜨거운 것에는 뜨거운 것으로 상대한다는 뜻)에 따라 무더운 여름 초복, 중복, 말복에 먹는다.",여름,DAT,43,44,삼계탕,FOD,0,2,dat:related_food,,,,,,,fod:member_of
이에 따라 2009년 대한민국 농림수산식품부는 한국음식에 대한 외국어 표기안을 만들었다.,대한민국 농림수산식품부,ORG,12,23,한국음식,FOD,26,29,org:related_food,,,,,,,fod:ingredient
이에 따라 2009년 대한민국 농림수산식품부는 한국음식에 대한 외국어 표기안을 만들었다.,2009년,DAT,6,10,한국음식,FOD,26,29,no_relation,,,,,,,fod:alternate_name
이에 따라 2009년 대한민국 농림수산식품부는 한국음식에 대한 외국어 표기안을 만들었다.,2009년,DAT,6,10,대한민국 농림수산식품부,ORG,12,23,no_relation,,,,,,,fod:complement
밥은 한국인의 가장 큰 주식으로서 매 끼니마다 거르지 않고 먹는 것이 한식의 원칙이다.,매 끼니,DAT,19,22,밥,FOD,0,0,dat:related_food,,,,,,,fod:influencer
헝가리 사람들은 크리스마스에 헐라슬레(Halászlé)라고 불리는 생선 수프를 먹는다.,생선 수프,FOD,37,41,헐라슬레,FOD,16,19,fod:member_of,,,,,,,org:influencer
그래서 한국에는 생일에 미역국을 먹는 풍습이 있다.,생일,DAT,9,10,미역국,FOD,13,15,dat:related_food,,,,,,,org:related_food
탕은 건더기가 더 많이 들어간 국을 의미한다.,탕,FOD,0,0,국,FOD,17,17,no_relation,,,,,,,org:member_of
"헝가리 요리는 오스트리아-헝가리 제국 시대에 오스트리아 요리의 영향을 받았는데, 요리와 음식 준비 방법 또한 오스트리아 요리에서 차용된 경우가 많으며, 그 반대의 경우도 마찬가지다.",헝가리 요리,FOD,0,5,오스트리아-헝가리 제국 시대,DAT,8,22,fod:influencer,,,,,,,dat:related_food
"티엔핀우는 간웨이추(단팥집)에 해당하는 가게로 즈마루(깨즙가루),싱런후(아몬드즙 가루) 등의 광동식 디저트를 파는 가게이다.",즈마루,FOD,26,28,깨즙가루,FOD,30,33,fod:alternate_name,,,,,,,X
"티엔핀우는 간웨이추(단팥집)에 해당하는 가게로 즈마루(깨즙가루),싱런후(아몬드즙 가루) 등의 광동식 디저트를 파는 가게이다.",싱런후,FOD,36,38,아몬드즙 가루,FOD,40,46,fod:alternate_name,,,,,,,
"티엔핀우는 간웨이추(단팥집)에 해당하는 가게로 즈마루(깨즙가루),싱런후(아몬드즙 가루) 등의 광동식 디저트를 파는 가게이다.",간웨이추,ORG,6,9,티엔핀우,ORG,0,3,no_relation,,,,,,,
많은 포장마차들이 밤 늦게까지 장사를 하고 술을 같이 파는 경우도 있다.,포장마차,ORG,3,6,술,FOD,24,24,org:related_food,,,,,,,
"어묵처럼 삶은 음식이나 내장꼬치,튀김,과자도 풍부하다.",어묵,FOD,0,1,내장꼬치,FOD,13,16,no_relation,,,,,,,
"일제 강점기 경성부의 아서원, 금곡원, 대관원, 사해루 같은 중국 요리집은 부유한 일본인과 조선인만이 드나들 수 있던 최고급 식당이었다.",일제 강점기 경성부,ORG,0,9,아서원,ORG,12,14,org:member_of,,,,,,,
"일제 강점기 경성부의 아서원, 금곡원, 대관원, 사해루 같은 중국 요리집은 부유한 일본인과 조선인만이 드나들 수 있던 최고급 식당이었다.",일제 강점기 경성부,ORG,0,9,금곡원,ORG,17,19,org:member_of,,,,,,,
"일제 강점기 경성부의 아서원, 금곡원, 대관원, 사해루 같은 중국 요리집은 부유한 일본인과 조선인만이 드나들 수 있던 최고급 식당이었다.",일제 강점기 경성부,ORG,0,9,대관원,ORG,22,24,org:member_of,,,,,,,
"일제 강점기 경성부의 아서원, 금곡원, 대관원, 사해루 같은 중국 요리집은 부유한 일본인과 조선인만이 드나들 수 있던 최고급 식당이었다.",일제 강점기 경성부,ORG,0,9,사해루,ORG,27,29,org:member_of,,,,,,,
"일제 강점기 경성부의 아서원, 금곡원, 대관원, 사해루 같은 중국 요리집은 부유한 일본인과 조선인만이 드나들 수 있던 최고급 식당이었다.",중국 요리집,ORG,34,39,아서원,ORG,12,14,org:member_of,,,,,,,
"일제 강점기 경성부의 아서원, 금곡원, 대관원, 사해루 같은 중국 요리집은 부유한 일본인과 조선인만이 드나들 수 있던 최고급 식당이었다.",중국 요리집,ORG,34,39,금곡원,ORG,17,19,org:member_of,,,,,,,
"일제 강점기 경성부의 아서원, 금곡원, 대관원, 사해루 같은 중국 요리집은 부유한 일본인과 조선인만이 드나들 수 있던 최고급 식당이었다.",중국 요리집,ORG,34,39,대관원,ORG,22,24,org:member_of,,,,,,,
"일제 강점기 경성부의 아서원, 금곡원, 대관원, 사해루 같은 중국 요리집은 부유한 일본인과 조선인만이 드나들 수 있던 최고급 식당이었다.",중국 요리집,ORG,34,39,사해루,ORG,27,29,org:member_of,,,,,,,
"일제 강점기 경성부의 아서원, 금곡원, 대관원, 사해루 같은 중국 요리집은 부유한 일본인과 조선인만이 드나들 수 있던 최고급 식당이었다.",최고급 식당,ORG,66,71,아서원,ORG,12,14,org:member_of,,,,,,,
"일제 강점기 경성부의 아서원, 금곡원, 대관원, 사해루 같은 중국 요리집은 부유한 일본인과 조선인만이 드나들 수 있던 최고급 식당이었다.",최고급 식당,ORG,66,71,금곡원,ORG,17,19,org:member_of,,,,,,,
"일제 강점기 경성부의 아서원, 금곡원, 대관원, 사해루 같은 중국 요리집은 부유한 일본인과 조선인만이 드나들 수 있던 최고급 식당이었다.",최고급 식당,ORG,66,71,대관원,ORG,22,24,org:member_of,,,,,,,
"일제 강점기 경성부의 아서원, 금곡원, 대관원, 사해루 같은 중국 요리집은 부유한 일본인과 조선인만이 드나들 수 있던 최고급 식당이었다.",최고급 식당,ORG,66,71,사해루,ORG,27,29,org:member_of,,,,,,,
"일제 강점기 경성부의 아서원, 금곡원, 대관원, 사해루 같은 중국 요리집은 부유한 일본인과 조선인만이 드나들 수 있던 최고급 식당이었다.",일본인,PER,46,48,최고급 식당,ORG,66,71,no_relation,,,,,,,
"일제 강점기 경성부의 아서원, 금곡원, 대관원, 사해루 같은 중국 요리집은 부유한 일본인과 조선인만이 드나들 수 있던 최고급 식당이었다.",조선인,PER,51,53,최고급 식당,ORG,66,71,no_relation,,,,,,,
가게 안에는 대개 테이블이 4~5개 있고 그 자리에서 밥에 통돼지구이 조각을 곁들인 메뉴를 먹을 수 있다.,밥,FOD,30,30,통돼지구이,FOD,33,37,fod:complement,,,,,,,
헝가리에서 사람들은 보통 아침을 많이 먹는다.,헝가리,ORG,0,2,아침,DAT,14,15,no_relation,,,,,,,
"신년전야(Szilveszter, 실베스테르)에 헝가리인들은 전통적으로 비르슐리(Virsli, 비엔나 소시지), 렌즈콩 수프를 먹으면서 새해를 축하한다.",헝가리인들,ORG,26,30,비르슐리,FOD,39,42,org:related_food,,,,,,,
"조금 사용되는 향신료로는 아니스, 바질, 처빌, 차이브, 정향나무 열매, 향나무 열매, 러비지, 육두구, 로즈메리, 세이보리, 백리향, 타임, 백후추 등이다.",향신료,FOD,8,10,아니스,FOD,14,16,fod:member_of,,,,,,,
"조금 사용되는 향신료로는 아니스, 바질, 처빌, 차이브, 정향나무 열매, 향나무 열매, 러비지, 육두구, 로즈메리, 세이보리, 백리향, 타임, 백후추 등이다.",향신료,FOD,8,10,바질,FOD,19,20,fod:member_of,,,,,,,
"조금 사용되는 향신료로는 아니스, 바질, 처빌, 차이브, 정향나무 열매, 향나무 열매, 러비지, 육두구, 로즈메리, 세이보리, 백리향, 타임, 백후추 등이다.",향신료,FOD,8,10,차이브,FOD,27,29,fod:member_of,,,,,,,
"조금 사용되는 향신료로는 아니스, 바질, 처빌, 차이브, 정향나무 열매, 향나무 열매, 러비지, 육두구, 로즈메리, 세이보리, 백리향, 타임, 백후추 등이다.",향신료,FOD,8,10,향나무 열매,FOD,41,46,fod:member_of,,,,,,,
"조금 사용되는 향신료로는 아니스, 바질, 처빌, 차이브, 정향나무 열매, 향나무 열매, 러비지, 육두구, 로즈메리, 세이보리, 백리향, 타임, 백후추 등이다.",향신료,FOD,8,10,육두구,FOD,54,56,fod:member_of,,,,,,,
"조금 사용되는 향신료로는 아니스, 바질, 처빌, 차이브, 정향나무 열매, 향나무 열매, 러비지, 육두구, 로즈메리, 세이보리, 백리향, 타임, 백후추 등이다.",향신료,FOD,8,10,세이보리,FOD,65,68,fod:member_of,,,,,,,
"조금 사용되는 향신료로는 아니스, 바질, 처빌, 차이브, 정향나무 열매, 향나무 열매, 러비지, 육두구, 로즈메리, 세이보리, 백리향, 타임, 백후추 등이다.",향신료,FOD,8,10,타임,FOD,76,77,fod:member_of,,,,,,,
"조금 사용되는 향신료로는 아니스, 바질, 처빌, 차이브, 정향나무 열매, 향나무 열매, 러비지, 육두구, 로즈메리, 세이보리, 백리향, 타임, 백후추 등이다.",향신료,FOD,8,10,처빌,FOD,23,24,fod:member_of,,,,,,,
"조금 사용되는 향신료로는 아니스, 바질, 처빌, 차이브, 정향나무 열매, 향나무 열매, 러비지, 육두구, 로즈메리, 세이보리, 백리향, 타임, 백후추 등이다.",향신료,FOD,8,10,정향나무 열매,FOD,32,38,fod:member_of,,,,,,,
"조금 사용되는 향신료로는 아니스, 바질, 처빌, 차이브, 정향나무 열매, 향나무 열매, 러비지, 육두구, 로즈메리, 세이보리, 백리향, 타임, 백후추 등이다.",향신료,FOD,8,10,러비지,FOD,49,51,fod:member_of,,,,,,,
"조금 사용되는 향신료로는 아니스, 바질, 처빌, 차이브, 정향나무 열매, 향나무 열매, 러비지, 육두구, 로즈메리, 세이보리, 백리향, 타임, 백후추 등이다.",향신료,FOD,8,10,로즈메리,FOD,59,62,fod:member_of,,,,,,,
"조금 사용되는 향신료로는 아니스, 바질, 처빌, 차이브, 정향나무 열매, 향나무 열매, 러비지, 육두구, 로즈메리, 세이보리, 백리향, 타임, 백후추 등이다.",향신료,FOD,8,10,백리향,FOD,71,73,fod:member_of,,,,,,,
"조금 사용되는 향신료로는 아니스, 바질, 처빌, 차이브, 정향나무 열매, 향나무 열매, 러비지, 육두구, 로즈메리, 세이보리, 백리향, 타임, 백후추 등이다.",향신료,FOD,8,10,백후추,FOD,80,82,fod:member_of,,,,,,,
이 간단한 음식들은 길거리의 포장마차에서도 살 수 있고 보통 식사라기보다는 간단한 간식으로 여겨지는 것들이다.,음식,FOD,6,7,간식,FOD,46,47,no_relation,,,,,,,
"한국 음식은 곡류를 중심으로 하는 주식과, 곡류 외의 각종 식품으로 만드는 반찬, 후식이나 간식으로 떡과 한과가 있으며, 음료로서 차와 화채가 있다.",후식,FOD,46,47,떡,FOD,56,56,fod:member_of,,,,,,,
"한국 음식은 곡류를 중심으로 하는 주식과, 곡류 외의 각종 식품으로 만드는 반찬, 후식이나 간식으로 떡과 한과가 있으며, 음료로서 차와 화채가 있다.",후식,FOD,46,47,한과,FOD,59,60,fod:member_of,,,,,,,
김치전은 한국인들이 비오는 날 먹는 음식으로 매콤한 김치와 함께 밀가루와 부추를 무쳐서 기름으로 구워 먹는다.,김치전,FOD,0,2,김치,FOD,29,30,fod:ingredient,,,,,,,
김치전은 한국인들이 비오는 날 먹는 음식으로 매콤한 김치와 함께 밀가루와 부추를 무쳐서 기름으로 구워 먹는다.,김치전,FOD,0,2,밀가루,FOD,36,38,fod:ingredient,,,,,,,
김치전은 한국인들이 비오는 날 먹는 음식으로 매콤한 김치와 함께 밀가루와 부추를 무쳐서 기름으로 구워 먹는다.,김치전,FOD,0,2,부추,FOD,41,42,fod:ingredient,,,,,,,
김치전은 한국인들이 비오는 날 먹는 음식으로 매콤한 김치와 함께 밀가루와 부추를 무쳐서 기름으로 구워 먹는다.,한국인,ORG,5,7,김치전,FOD,0,2,org:related_food,,,,,,,
콩나물국은 콩나물을 넣고 끓인 것이다.,콩나물국,FOD,0,3,콩나물,FOD,6,8,fod:ingredient,,,,,,,
"그 밖의 유명한 헝가리의 고기 스튜로는 두툼한 크림 파프리카 그레이비에 끓인 고기를 넣은 스튜인 퍼프리카시(Paprikás), 뼈 없는 육류(대개 소고기나 돼지고기), 양파, 달콤한 파프리카 가루로 만든 스튜인 푀르쾰트(pörkölt)가 있는데, 이 2가지 모두 노케들리(Nokedli)와 걸루슈커(Galuska, 슈페츨레)를 곁들여 나온다.",퍼프리카시,FOD,54,58,파프리카,FOD,29,32,fod:ingredient,,,,,,,
"그 밖의 유명한 헝가리의 고기 스튜로는 두툼한 크림 파프리카 그레이비에 끓인 고기를 넣은 스튜인 퍼프리카시(Paprikás), 뼈 없는 육류(대개 소고기나 돼지고기), 양파, 달콤한 파프리카 가루로 만든 스튜인 푀르쾰트(pörkölt)가 있는데, 이 2가지 모두 노케들리(Nokedli)와 걸루슈커(Galuska, 슈페츨레)를 곁들여 나온다.",퍼프리카시,FOD,54,58,고기,FOD,43,44,fod:ingredient,,,,,,,
"그 밖의 유명한 헝가리의 고기 스튜로는 두툼한 크림 파프리카 그레이비에 끓인 고기를 넣은 스튜인 퍼프리카시(Paprikás), 뼈 없는 육류(대개 소고기나 돼지고기), 양파, 달콤한 파프리카 가루로 만든 스튜인 푀르쾰트(pörkölt)가 있는데, 이 2가지 모두 노케들리(Nokedli)와 걸루슈커(Galuska, 슈페츨레)를 곁들여 나온다.",푀르쾰트,FOD,118,121,소고기,FOD,82,84,fod:ingredient,,,,,,,
"그 밖의 유명한 헝가리의 고기 스튜로는 두툼한 크림 파프리카 그레이비에 끓인 고기를 넣은 스튜인 퍼프리카시(Paprikás), 뼈 없는 육류(대개 소고기나 돼지고기), 양파, 달콤한 파프리카 가루로 만든 스튜인 푀르쾰트(pörkölt)가 있는데, 이 2가지 모두 노케들리(Nokedli)와 걸루슈커(Galuska, 슈페츨레)를 곁들여 나온다.",푀르쾰트,FOD,118,121,돼지고기,FOD,87,90,fod:ingredient,,,,,,,
"그 밖의 유명한 헝가리의 고기 스튜로는 두툼한 크림 파프리카 그레이비에 끓인 고기를 넣은 스튜인 퍼프리카시(Paprikás), 뼈 없는 육류(대개 소고기나 돼지고기), 양파, 달콤한 파프리카 가루로 만든 스튜인 푀르쾰트(pörkölt)가 있는데, 이 2가지 모두 노케들리(Nokedli)와 걸루슈커(Galuska, 슈페츨레)를 곁들여 나온다.",푀르쾰트,FOD,118,121,파프리카,FOD,102,105,fod:ingredient,,,,,,,
"그 밖의 유명한 헝가리의 고기 스튜로는 두툼한 크림 파프리카 그레이비에 끓인 고기를 넣은 스튜인 퍼프리카시(Paprikás), 뼈 없는 육류(대개 소고기나 돼지고기), 양파, 달콤한 파프리카 가루로 만든 스튜인 푀르쾰트(pörkölt)가 있는데, 이 2가지 모두 노케들리(Nokedli)와 걸루슈커(Galuska, 슈페츨레)를 곁들여 나온다.",퍼프리카시,FOD,54,58,노케들리,FOD,147,150,fod:complement,,,,,,,
"그 밖의 유명한 헝가리의 고기 스튜로는 두툼한 크림 파프리카 그레이비에 끓인 고기를 넣은 스튜인 퍼프리카시(Paprikás), 뼈 없는 육류(대개 소고기나 돼지고기), 양파, 달콤한 파프리카 가루로 만든 스튜인 푀르쾰트(pörkölt)가 있는데, 이 2가지 모두 노케들리(Nokedli)와 걸루슈커(Galuska, 슈페츨레)를 곁들여 나온다.",퍼프리카시,FOD,54,58,걸루슈커,FOD,162,165,fod:complement,,,,,,,
"그 밖의 유명한 헝가리의 고기 스튜로는 두툼한 크림 파프리카 그레이비에 끓인 고기를 넣은 스튜인 퍼프리카시(Paprikás), 뼈 없는 육류(대개 소고기나 돼지고기), 양파, 달콤한 파프리카 가루로 만든 스튜인 푀르쾰트(pörkölt)가 있는데, 이 2가지 모두 노케들리(Nokedli)와 걸루슈커(Galuska, 슈페츨레)를 곁들여 나온다.",푀르쾰트,FOD,118,121,노케들리,FOD,147,150,fod:complement,,,,,,,
"그 밖의 유명한 헝가리의 고기 스튜로는 두툼한 크림 파프리카 그레이비에 끓인 고기를 넣은 스튜인 퍼프리카시(Paprikás), 뼈 없는 육류(대개 소고기나 돼지고기), 양파, 달콤한 파프리카 가루로 만든 스튜인 푀르쾰트(pörkölt)가 있는데, 이 2가지 모두 노케들리(Nokedli)와 걸루슈커(Galuska, 슈페츨레)를 곁들여 나온다.",푀르쾰트,FOD,118,121,걸루슈커,FOD,162,165,fod:complement,,,,,,,
"거기에 한식은 맵고 짜다는 인식이 강해 한국에서도 외국 식단에 맞는 한식을 만들겠다는 방법으로 홍보를 시도하였으나, 전에 블루베리를, 민트 초콜릿과 치킨을, 김치와 칵테일, 초콜릿 혹은 초콜릿 케이크를 함께 합친 음식 등의 문제가 생긴다.",외국 식단,FOD,28,32,블루베리,FOD,68,71,fod:member_of,,,,,,,
"거기에 한식은 맵고 짜다는 인식이 강해 한국에서도 외국 식단에 맞는 한식을 만들겠다는 방법으로 홍보를 시도하였으나, 전에 블루베리를, 민트 초콜릿과 치킨을, 김치와 칵테일, 초콜릿 혹은 초콜릿 케이크를 함께 합친 음식 등의 문제가 생긴다.",외국 식단,FOD,28,32,초콜릿,FOD,97,99,fod:member_of,,,,,,,
"거기에 한식은 맵고 짜다는 인식이 강해 한국에서도 외국 식단에 맞는 한식을 만들겠다는 방법으로 홍보를 시도하였으나, 전에 블루베리를, 민트 초콜릿과 치킨을, 김치와 칵테일, 초콜릿 혹은 초콜릿 케이크를 함께 합친 음식 등의 문제가 생긴다.",외국 식단,FOD,28,32,초콜릿 케이크,FOD,104,110,fod:member_of,,,,,,,
"거기에 한식은 맵고 짜다는 인식이 강해 한국에서도 외국 식단에 맞는 한식을 만들겠다는 방법으로 홍보를 시도하였으나, 전에 블루베리를, 민트 초콜릿과 치킨을, 김치와 칵테일, 초콜릿 혹은 초콜릿 케이크를 함께 합친 음식 등의 문제가 생긴다.",한국,ORG,22,23,한식,FOD,4,5,org:related_food,,,,,,,
"거기에 한식은 맵고 짜다는 인식이 강해 한국에서도 외국 식단에 맞는 한식을 만들겠다는 방법으로 홍보를 시도하였으나, 전에 블루베리를, 민트 초콜릿과 치킨을, 김치와 칵테일, 초콜릿 혹은 초콜릿 케이크를 함께 합친 음식 등의 문제가 생긴다.",한식,FOD,4,5,외국 식단,FOD,28,32,no_relation,,,,,,,
"거기에 한식은 맵고 짜다는 인식이 강해 한국에서도 외국 식단에 맞는 한식을 만들겠다는 방법으로 홍보를 시도하였으나, 전에 블루베리를, 민트 초콜릿과 치킨을, 김치와 칵테일, 초콜릿 혹은 초콜릿 케이크를 함께 합친 음식 등의 문제가 생긴다.",민트 초콜릿,FOD,75,80,치킨,FOD,83,84,no_relation,,,,,,,
"거기에 한식은 맵고 짜다는 인식이 강해 한국에서도 외국 식단에 맞는 한식을 만들겠다는 방법으로 홍보를 시도하였으나, 전에 블루베리를, 민트 초콜릿과 치킨을, 김치와 칵테일, 초콜릿 혹은 초콜릿 케이크를 함께 합친 음식 등의 문제가 생긴다.",김치,FOD,88,89,칵테일,FOD,92,94,no_relation,,,,,,,
"포는 육포와 어포로 나뉘고 술안주나 간식, 밑반찬으로 쓰인다.",포,FOD,0,0,육포,FOD,3,4,fod:member_of,,,,,,,
"포는 육포와 어포로 나뉘고 술안주나 간식, 밑반찬으로 쓰인다.",포,FOD,0,0,어포,FOD,7,8,fod:member_of,,,,,,,
"가장 대표적인 예시는 상추쌈 종류의 음식이 있는데, 다른 나라들은 많아봐야 1~2가지 종류의 식재료를 한 입에 먹지만 한국 음식의 경우는 여러 가지 종류의 음식을 한 입에 집어넣어 먹는 형태를 가진 것이다.",상추쌈 종류의 음식,FOD,12,21,여러 가지 종류의 음식,FOD,77,88,fod:ingredient,,,,,,,
"가장 대표적인 예시는 상추쌈 종류의 음식이 있는데, 다른 나라들은 많아봐야 1~2가지 종류의 식재료를 한 입에 먹지만 한국 음식의 경우는 여러 가지 종류의 음식을 한 입에 집어넣어 먹는 형태를 가진 것이다.",다른 나라,ORG,29,33,한국 음식,FOD,66,70,no_relation,,,,,,,
"한국식 중국 요리(韓國式中國料理)는 중국 요리가 기원이지만, 한국의 식재료를 이용해 한국인의 입맛에 맞게 토착화된 음식을 말한다.",韓國式中國料理,FOD,10,16,한국식 중국 요리,FOD,0,8,fod:alternate_name,,,,,,,
"한국식 중국 요리(韓國式中國料理)는 중국 요리가 기원이지만, 한국의 식재료를 이용해 한국인의 입맛에 맞게 토착화된 음식을 말한다.",한국식 중국 요리,FOD,0,8,중국 요리,FOD,20,24,fod:influencer,,,,,,,
1950년부터 1960년대까지 대한민국의 정치인들은 화교들이 운영하는 중국 요리집에서 밀실 정치를 하곤 했다.,대한민국의 정치인,ORG,17,25,1950년부터 1960년대,DAT,0,13,no_relation,,,,,,,
1950년부터 1960년대까지 대한민국의 정치인들은 화교들이 운영하는 중국 요리집에서 밀실 정치를 하곤 했다.,대한민국의 정치인,PER,17,25,중국 요리집,ORG,39,44,no_relation,,,,,,,
"러우쟝이펀(미트소스 스파게티),가리판(카레라이스),꽁스싼원즈(클럽 샌드위치) 등의 서양식 메뉴 외에 차오판(볶음밥)이나 미펀(쌀가루) 등의 중국요리도 있다.",러우쟝이펀,FOD,0,4,미트소스 스파게티,FOD,6,14,fod:alternate_name,,,,,,,
"러우쟝이펀(미트소스 스파게티),가리판(카레라이스),꽁스싼원즈(클럽 샌드위치) 등의 서양식 메뉴 외에 차오판(볶음밥)이나 미펀(쌀가루) 등의 중국요리도 있다.",가리판,FOD,17,19,카레라이스,FOD,21,25,fod:alternate_name,,,,,,,
"러우쟝이펀(미트소스 스파게티),가리판(카레라이스),꽁스싼원즈(클럽 샌드위치) 등의 서양식 메뉴 외에 차오판(볶음밥)이나 미펀(쌀가루) 등의 중국요리도 있다.",꽁스싼원즈,FOD,28,32,클럽 샌드위치,FOD,34,40,fod:alternate_name,,,,,,,
"러우쟝이펀(미트소스 스파게티),가리판(카레라이스),꽁스싼원즈(클럽 샌드위치) 등의 서양식 메뉴 외에 차오판(볶음밥)이나 미펀(쌀가루) 등의 중국요리도 있다.",차오판,FOD,56,58,볶음밥,FOD,60,62,fod:alternate_name,,,,,,,
"러우쟝이펀(미트소스 스파게티),가리판(카레라이스),꽁스싼원즈(클럽 샌드위치) 등의 서양식 메뉴 외에 차오판(볶음밥)이나 미펀(쌀가루) 등의 중국요리도 있다.",미펀,FOD,67,68,쌀가루,FOD,70,72,fod:alternate_name,,,,,,,
빙스는 쉐가오신띠(아이스크림 선디)와 쉐까오(크림소다) 등의 서양식의 단맛을 내고 있다.,쉐가오신띠,FOD,4,8,아이스크림 선디,FOD,10,17,fod:alternate_name,,,,,,,
빙스는 쉐가오신띠(아이스크림 선디)와 쉐까오(크림소다) 등의 서양식의 단맛을 내고 있다.,쉐까오,FOD,21,23,크림소다,FOD,25,28,fod:alternate_name,,,,,,,
"소의 갈비와 채소, 그리고 몸에 좋은 한약재를 넣고 우린 것이다.",한약재,FOD,21,23,채소,FOD,7,8,no_relation,,,,,,,
"헝가리 분지와 트란실바니아 지방에 정착한 상당수의 색슨인(독일 민족), 아르메니아인, 이탈리아인, 유대인, 폴란드인, 체코인, 슬로바키아인은 헝가리의 새로운 요리에 기여하였다.",헝가리의 새로운 요리,FOD,79,89,아르메니아인,ORG,40,45,fod:influencer,,,,,,,
"이때 유명했던 음식점은 서울에 아서관, 태화관, 대려도, 중화반점, 인천에 공화춘 등이 있었다.",음식점,ORG,8,10,아서관,ORG,17,19,org:member_of,,,,,,,
"이때 유명했던 음식점은 서울에 아서관, 태화관, 대려도, 중화반점, 인천에 공화춘 등이 있었다.",음식점,ORG,8,10,태화관,ORG,22,24,org:member_of,,,,,,,
"이때 유명했던 음식점은 서울에 아서관, 태화관, 대려도, 중화반점, 인천에 공화춘 등이 있었다.",음식점,ORG,8,10,대려도,ORG,27,29,org:member_of,,,,,,,
"이때 유명했던 음식점은 서울에 아서관, 태화관, 대려도, 중화반점, 인천에 공화춘 등이 있었다.",음식점,ORG,8,10,중화반점,ORG,32,35,org:member_of,,,,,,,
"이때 유명했던 음식점은 서울에 아서관, 태화관, 대려도, 중화반점, 인천에 공화춘 등이 있었다.",음식점,ORG,8,10,공화춘,ORG,42,44,org:member_of,,,,,,,
"이때 유명했던 음식점은 서울에 아서관, 태화관, 대려도, 중화반점, 인천에 공화춘 등이 있었다.",서울,ORG,13,14,아서관,ORG,17,19,org:member_of,,,,,,,
"이때 유명했던 음식점은 서울에 아서관, 태화관, 대려도, 중화반점, 인천에 공화춘 등이 있었다.",서울,ORG,13,14,태화관,ORG,22,24,org:member_of,,,,,,,
"이때 유명했던 음식점은 서울에 아서관, 태화관, 대려도, 중화반점, 인천에 공화춘 등이 있었다.",서울,ORG,13,14,대려도,ORG,27,29,org:member_of,,,,,,,
"이때 유명했던 음식점은 서울에 아서관, 태화관, 대려도, 중화반점, 인천에 공화춘 등이 있었다.",서울,ORG,13,14,중화반점,ORG,32,35,org:member_of,,,,,,,
"이때 유명했던 음식점은 서울에 아서관, 태화관, 대려도, 중화반점, 인천에 공화춘 등이 있었다.",인천,ORG,38,39,공화춘,ORG,42,44,org:member_of,,,,,,,
생강이나 샤프란과 같은 향신료의 일부는 더 이상 현대 헝가리 요리에 사용되지 않는다.,헝가리,ORG,30,32,생강,ORG,0,1,no_relation,,,,,,,
빵 뿐만 아니라 짭짤하거나 달콤한 빵과 페이스트리와 같이 창의적인 형식을 띤 다양한 종류의 빵이 최근 몇 년 사이에 급증했다.,빵,FOD,51,51,페이스트리,FOD,22,26,fod:member_of,,,,,,,
그러나 일부 한국식 중국 요리는 중국의 음식이라기보다 한국의 음식에 더 가깝다.,한국의 음식,FOD,30,35,한국식 중국 요리,FOD,7,15,fod:member_of,,,,,,,
그러나 일부 한국식 중국 요리는 중국의 음식이라기보다 한국의 음식에 더 가깝다.,중국의 음식,FOD,18,23,한국식 중국 요리,FOD,7,15,no_relation,,,,,,,
"미역국은 강릉이나 제주도에서 맛있다고 유명하고, 종류에는 대표적으로 소고기 미역국, 굴미역국 등이 있다.",제주도,ORG,10,12,미역국,FOD,0,2,org:related_food,,,,,,,
최근 몇 년 동안 요리사들은 헝가리의 음식을 창의적인 예술 형식으로 만들어 과거에는 존재하지 않았던 새로운 재료와 준비 스타일을 추가했다.,헝가리의 음식,FOD,16,22,요리사,PER,10,12,fod:influencer,,,,,,,
"조개는 조개관자나 생선을 얇게 저민 것에서 육류,내장류까지 다양하고 풍부해서 가장 비싼 전복을 저민 것도 20 홍콩 달러 밖에 불과하다.",조개,FOD,0,1,전복,FOD,49,50,fod:member_of,,,,,,,
반찬은 가장 흔히 다른 스타일로 준비된 감자이지만 쌀이나 찐 야채도 인기다.,반찬,FOD,0,1,쌀,FOD,28,28,no_relation,,,,,,,
반찬은 가장 흔히 다른 스타일로 준비된 감자이지만 쌀이나 찐 야채도 인기다.,반찬,FOD,0,1,찐,FOD,32,32,no_relation,,,,,,,
반찬은 가장 흔히 다른 스타일로 준비된 감자이지만 쌀이나 찐 야채도 인기다.,반찬,FOD,0,1,감자,FOD,22,23,fod:member_of,,,,,,,
"국수,쌀가루,허펀 등 종류는 달라도 재료가 같으면 균일가격이다.",국수,FOD,0,1,허펀,FOD,7,8,no_relation,,,,,,,
면류나 덮밥 등의 중화 메뉴도 있는 패스트푸드점인 小食店은 오전5시부터 밤12시까지 영업을 한다.,중화 메뉴,FOD,10,14,면류,FOD,0,1,fod:member_of,,,,,,,
면류나 덮밥 등의 중화 메뉴도 있는 패스트푸드점인 小食店은 오전5시부터 밤12시까지 영업을 한다.,중화 메뉴,FOD,10,14,덮밥,FOD,4,5,fod:member_of,,,,,,,
"헝가리의 음식은 유럽 대륙의 용광로로 여겨질 수 있는데, 그 자체로 독창적인 헝가리인의 요리에서 요리 기반이 형성되어 있다.",헝가리,ORG,0,2,요리,FOD,49,50,org:related_food,,,,,,,
붉은 커런트 포도주와 같은 헝가리산 과일 포도주는 담백하고 맛과 식감이 부드럽다.,헝가리산 과일 포도주,FOD,15,25,붉은 커런트 포도주,FOD,0,9,fod:member_of,,,,,,,
"청량음료가 널리 보급되기 이전에 헝가리인들은 쇠르프(Szörp)라고 부르는 자신들만의 청량음료를 만들었는데 이는 산딸기, 커런트, 엘더베리와 같은 과일에 설탕을 넣어서 만든 농축액이다.",쇠르프,FOD,25,27,산딸기,FOD,63,65,fod:ingredient,,,,,,,
"청량음료가 널리 보급되기 이전에 헝가리인들은 쇠르프(Szörp)라고 부르는 자신들만의 청량음료를 만들었는데 이는 산딸기, 커런트, 엘더베리와 같은 과일에 설탕을 넣어서 만든 농축액이다.",쇠르프,FOD,25,27,커런트,FOD,68,70,fod:ingredient,,,,,,,
"청량음료가 널리 보급되기 이전에 헝가리인들은 쇠르프(Szörp)라고 부르는 자신들만의 청량음료를 만들었는데 이는 산딸기, 커런트, 엘더베리와 같은 과일에 설탕을 넣어서 만든 농축액이다.",쇠르프,FOD,25,27,엘더베리,FOD,73,76,fod:ingredient,,,,,,,
"청량음료가 널리 보급되기 이전에 헝가리인들은 쇠르프(Szörp)라고 부르는 자신들만의 청량음료를 만들었는데 이는 산딸기, 커런트, 엘더베리와 같은 과일에 설탕을 넣어서 만든 농축액이다.",쇠르프,FOD,25,27,설탕,FOD,86,87,fod:ingredient,,,,,,,
"헝가리 음식은 엄선된 향신료를 적절히 사용해서 맛을 더하는데, 매운 파프리카와 헝가리 간의 연관성에도 불구하고 대부분의 헝가리 요리에는 매운 고추를 본질적으로 넣지 않고, 그것을 사용하는 요리에 포함시키지 말 것을 식당에 요청할 수도 있다.",헝가리,ORG,0,2,향신료,FOD,12,14,no_relation,,,,,,,
"헝가리 음식은 엄선된 향신료를 적절히 사용해서 맛을 더하는데, 매운 파프리카와 헝가리 간의 연관성에도 불구하고 대부분의 헝가리 요리에는 매운 고추를 본질적으로 넣지 않고, 그것을 사용하는 요리에 포함시키지 말 것을 식당에 요청할 수도 있다.",헝가리,ORG,0,2,파프리카,FOD,38,41,org:related_food,,,,,,,
마이땅라오(맥도널드)나 KFC는 맛과 시스템이 대한민국과 비슷하다.,마이땅라오,ORG,0,4,KFC,ORG,13,15,no_relation,,,,,,,
호텔 안의 프랑스 요리점은 프랑스 찬팅이라고 한다.,프랑스 요리점,ORG,6,12,프랑스 찬팅,ORG,15,20,fod:alternate_name,,,,,,,
"구야시는 전형적인 헝가리 음식인데, 사실은 자주 먹지 않는 전통적인 음식이다.",헝가리,ORG,10,12,구야시,FOD,0,2,org:related_food,,,,,,,
"많은 사람들에게 아침 식사는 우유, 차 또는 커피 한 잔과 잼이나 꿀, 시리얼을 넣은 페이스트리, 키플리(Kifli), 슈트루델(Strudel) 또는 뮤즐리(Muesli), 과일이다.",아침,DAT,9,10,키플리,FOD,55,57,dat:related_food,,,,,,,
과거의 지우지아는 지우러우보다 소규모로서 고급점이라는 구별이 있었지만 요즘은 그다지 엄밀하게 구별되어 있지 않다.,지우지아,ORG,4,7,지우러우,ORG,10,13,no_relation,,,,,,,
"잡곡밥은 여러가지 곡물과 백미, 현미를 섞은 것이다.",잡곡밥,FOD,0,2,곡물,FOD,10,11,fod:ingredient,,,,,,,
"잡곡밥은 여러가지 곡물과 백미, 현미를 섞은 것이다.",잡곡밥,FOD,0,2,백미,FOD,14,15,fod:ingredient,,,,,,,
"잡곡밥은 여러가지 곡물과 백미, 현미를 섞은 것이다.",잡곡밥,FOD,0,2,현미,FOD,18,19,fod:ingredient,,,,,,,
"저녁 식사는 점심 식사보다 일반적으로 덜 중요하며, 전형적인 헝가리 저녁 식사는 없다.",헝가리,FOD,34,36,저녁 식사,DAT,0,4,no_relation,,,,,,,
박정희 정부는 화폐개혁과 외국인 토지 소유 금지를 통해 화교의 경제력을 약화시켰는데 이 때문에 많은 화교들이 한국을 떠나거나 그 주업이 외식업으로 국한되었다.,한국,ORG,61,62,박정희,PER,0,2,no_relation,,,,,,,
보리는 생산량이 많고 수확되는 시기도 빨라 한민족의 주요 곡식으로 널리 애용받았다.,한민족,ORG,24,26,보리,FOD,0,1,org:related_food,,,,,,,
"가장 잘 알려진 와인은 화이트 디저트 와인인 토커이 어수(Tokaji Aszú, 헝가리 북동부에 위치한 토커이에서 생산된 토커이 포도주)와 빌라니(Villány, 헝가리 남부) 적도포주이다.",와인,FOD,9,10,토커이 어수,FOD,25,30,fod:member_of,,,,,,,
"그 외의 포도주로는 에그리 비커베르(Egri Bikavér, ""소의 피""라는 뜻)가 있는데 어둡고 속이 꽉 찬 적포도주이다.",적포도주,FOD,62,65,에그리 비커베르,FOD,11,18,fod:member_of,,,,,,,
"헝가리는 또한 돼지고기 뿐만 아니라 가금류, 쇠고기 등으로 생산되는 고급스럽고 상대적으로 저렴한 살라미, 소시지가 생산되는 것으로 유명하다.",살라미,FOD,54,56,돼지고기,FOD,8,11,fod:ingredient,,,,,,,
"헝가리는 또한 돼지고기 뿐만 아니라 가금류, 쇠고기 등으로 생산되는 고급스럽고 상대적으로 저렴한 살라미, 소시지가 생산되는 것으로 유명하다.",살라미,FOD,54,56,가금류,FOD,20,22,fod:ingredient,,,,,,,
"헝가리는 또한 돼지고기 뿐만 아니라 가금류, 쇠고기 등으로 생산되는 고급스럽고 상대적으로 저렴한 살라미, 소시지가 생산되는 것으로 유명하다.",소시지,FOD,59,61,가금류,FOD,20,22,fod:ingredient,,,,,,,
"헝가리는 또한 돼지고기 뿐만 아니라 가금류, 쇠고기 등으로 생산되는 고급스럽고 상대적으로 저렴한 살라미, 소시지가 생산되는 것으로 유명하다.",살라미,FOD,54,56,쇠고기,FOD,25,27,fod:ingredient,,,,,,,
"헝가리는 또한 돼지고기 뿐만 아니라 가금류, 쇠고기 등으로 생산되는 고급스럽고 상대적으로 저렴한 살라미, 소시지가 생산되는 것으로 유명하다.",소시지,FOD,59,61,돼지고기,FOD,8,11,fod:ingredient,,,,,,,
"헝가리는 또한 돼지고기 뿐만 아니라 가금류, 쇠고기 등으로 생산되는 고급스럽고 상대적으로 저렴한 살라미, 소시지가 생산되는 것으로 유명하다.",소시지,FOD,59,61,쇠고기,FOD,25,27,fod:ingredient,,,,,,,
"닭고기, 돼지고기, 쇠고기가 일반적이며, 칠면조고기, 오리고기, 양고기, 생선, 사냥고기는 특별한 경우가 아니면 자주 먹지는 않는다.",닭고기,FOD,0,2,돼지고기,FOD,5,8,no_relation,,,,,,,
이 샐러드는 애피타이저나 메인 코스로도 먹는다.,애피타이저나,FOD,7,12,샐러드,FOD,2,4,fod:member_of,,,,,,,
야채·두부·두부껍질·글루텐 등의 재료로 만드는 채식요리점이다.,야채,FOD,0,1,두부,FOD,3,4,no_relation,,,,,,,
"신선한 해산물과 야채,육류,생선 저민 살,훈탕 등을 재빨리 특제 수프 국물에 담갔다 먹는 홍콩요리로 수프나 국물 맛도 변화가 있다.",홍콩요리,FOD,50,53,해산물,FOD,4,6,fod:ingredient,,,,,,,
"신선한 해산물과 야채,육류,생선 저민 살,훈탕 등을 재빨리 특제 수프 국물에 담갔다 먹는 홍콩요리로 수프나 국물 맛도 변화가 있다.",홍콩요리,FOD,50,53,야채,FOD,9,10,fod:ingredient,,,,,,,
"신선한 해산물과 야채,육류,생선 저민 살,훈탕 등을 재빨리 특제 수프 국물에 담갔다 먹는 홍콩요리로 수프나 국물 맛도 변화가 있다.",홍콩요리,FOD,50,53,육류,FOD,12,13,fod:ingredient,,,,,,,
"신선한 해산물과 야채,육류,생선 저민 살,훈탕 등을 재빨리 특제 수프 국물에 담갔다 먹는 홍콩요리로 수프나 국물 맛도 변화가 있다.",홍콩요리,FOD,50,53,생선 저민 살,FOD,15,21,fod:ingredient,,,,,,,
"신선한 해산물과 야채,육류,생선 저민 살,훈탕 등을 재빨리 특제 수프 국물에 담갔다 먹는 홍콩요리로 수프나 국물 맛도 변화가 있다.",홍콩요리,FOD,50,53,훈탕,FOD,23,24,fod:ingredient,,,,,,,
"신선한 해산물과 야채,육류,생선 저민 살,훈탕 등을 재빨리 특제 수프 국물에 담갔다 먹는 홍콩요리로 수프나 국물 맛도 변화가 있다.",홍콩요리,FOD,50,53,특제 수프 국물,FOD,33,40,fod:ingredient,,,,,,,
절이거나 발효된 야채로 만든 생산품은 헝가리 요리에 주로 사용된다.,헝가리,ORG,21,23,절이거나 발효된 야채,FOD,0,10,org:related_food,,,,,,,
"당시에는 중국 요리로 불리기 보다는 청요리(淸料理)라고 불렸는데, 청요리는 중국의 전통에 따라 집에서 불러 먹을 수 있었고 이것이 변형된 것이 지금의 '철가방'이다.",청요리,FOD,20,22,淸料理,FOD,24,26,fod:alternate_name,,,,,,,
"구운 거위, 구운 칠면조 또는 구운 오리, 퇼퇴트 카포스터(Töltött káposzta, 양배추말이)와 같은 다른 요리들도 제공될 수 있다.",구운 거위,FOD,0,4,퇼퇴트 카포스터,FOD,24,31,no_relation,,,,,,,
수프에 이어서 주 요리가 나온다.,주 요리,FOD,8,11,수프,FOD,0,1,no_relation,,,,,,,
다파이땅과 비슷한 노상 판매점이지만 무허가이기 때문에 경찰이 오면 도망간다.,노상 판매점,ORG,10,15,다파이땅,ORG,0,3,org:member_of,,,,,,,
"정부에 허가료를 지불하고 영업하는 합법적인 매점으로 죽,국수에서부터 생선까지 요리집이 무색할 정도의 메뉴를 가지고 있는 가게도 있다.",국수,FOD,31,32,생선,FOD,38,39,no_relation,,,,,,,
미국의 일부 점포에서는 한식을 전혀 모르는 사람들이 한식 전문점을 개장하여 평을 떨어뜨리는 문제도 발생한다.,한식 전문점,ORG,29,34,한식,FOD,13,14,org:related_food,,,,,,,
미국의 일부 점포에서는 한식을 전혀 모르는 사람들이 한식 전문점을 개장하여 평을 떨어뜨리는 문제도 발생한다.,미국,ORG,0,1,한식,FOD,13,14,no_relation,,,,,,,
이들은 헝가리 전역의 수많은 빵집에서 찾을 수 있다.,헝가리,ORG,4,6,빵집,ORG,16,17,org:member_of,,,,,,,
헝가리 요리의 중요한 부분은 다양한 훈제 돼지고기 제품의 폭넓은 선택이다.,헝가리,ORG,0,2,훈제 돼지고기,FOD,20,26,org:related_food,,,,,,,
"한식당은 떡볶이를 Spicy Rice Pasta로 적는 등 메뉴판에 한식의 고유명사를 쓰지 않고 정체불명의 이름을 쓰거나 음식을 설명하는 설명문만을 넣은 경우, 또 반대로 영어 설명 없이 고유명사만 써넣어 외국인들이 이해하기 어려운 경우들이 많았다.",떡볶이,FOD,5,7,Spicy Rice Pasta,FOD,10,25,fod:alternate_name,,,,,,,
"한식당은 떡볶이를 Spicy Rice Pasta로 적는 등 메뉴판에 한식의 고유명사를 쓰지 않고 정체불명의 이름을 쓰거나 음식을 설명하는 설명문만을 넣은 경우, 또 반대로 영어 설명 없이 고유명사만 써넣어 외국인들이 이해하기 어려운 경우들이 많았다.",한식당,ORG,0,2,한식,FOD,38,39,org:related_food,,,,,,,
"한식당은 떡볶이를 Spicy Rice Pasta로 적는 등 메뉴판에 한식의 고유명사를 쓰지 않고 정체불명의 이름을 쓰거나 음식을 설명하는 설명문만을 넣은 경우, 또 반대로 영어 설명 없이 고유명사만 써넣어 외국인들이 이해하기 어려운 경우들이 많았다.",외국인,PER,115,117,한식,FOD,38,39,no_relation,,,,,,,
백미밥은 대체로 매우 하얗고 식감이 부드러워 아침상에 나가는 것이 일반적이나 요즈음에는 매끼니 상관없이 먹는다.,매끼니,DAT,49,51,백미밥,FOD,0,2,no_relation,,,,,,,
"화채는 냉수에 꿀이나 엿기름을 탄 음식으로, 과일이나 오미자즙을 넣어 만들기도 한다.",화채,FOD,0,1,냉수,FOD,4,5,fod:ingredient,,,,,,,
"화채는 냉수에 꿀이나 엿기름을 탄 음식으로, 과일이나 오미자즙을 넣어 만들기도 한다.",화채,FOD,0,1,꿀,FOD,8,8,fod:ingredient,,,,,,,
"화채는 냉수에 꿀이나 엿기름을 탄 음식으로, 과일이나 오미자즙을 넣어 만들기도 한다.",화채,FOD,0,1,엿기름,FOD,12,14,fod:ingredient,,,,,,,
"화채는 냉수에 꿀이나 엿기름을 탄 음식으로, 과일이나 오미자즙을 넣어 만들기도 한다.",화채,FOD,0,1,과일,FOD,25,26,fod:ingredient,,,,,,,
"화채는 냉수에 꿀이나 엿기름을 탄 음식으로, 과일이나 오미자즙을 넣어 만들기도 한다.",화채,FOD,0,1,오미자즙,FOD,30,33,fod:ingredient,,,,,,,
"대표적인 예로는 짜장면, 짬뽕, 탕수육 등이 있다. 1970년대까지 청요리(淸料理)로도 흔히 불렸다.",청요리,FOD,38,40,짜장면,FOD,9,11,fod:member_of,,,,,,,
"대표적인 예로는 짜장면, 짬뽕, 탕수육 등이 있다. 1970년대까지 청요리(淸料理)로도 흔히 불렸다.",청요리,FOD,38,40,짬뽕,FOD,14,15,fod:member_of,,,,,,,
"대표적인 예로는 짜장면, 짬뽕, 탕수육 등이 있다. 1970년대까지 청요리(淸料理)로도 흔히 불렸다.",청요리,FOD,38,40,탕수육,FOD,18,20,fod:member_of,,,,,,,
"대표적인 예로는 짜장면, 짬뽕, 탕수육 등이 있다. 1970년대까지 청요리(淸料理)로도 흔히 불렸다.",청요리,FOD,38,40,淸料理,FOD,42,44,fod:alternate_name,,,,,,,
"대표적인 예로는 짜장면, 짬뽕, 탕수육 등이 있다. 1970년대까지 청요리(淸料理)로도 흔히 불렸다.",짬뽕,FOD,14,15,짜장면,FOD,9,11,no_relation,,,,,,,
"대표적인 예로는 짜장면, 짬뽕, 탕수육 등이 있다. 1970년대까지 청요리(淸料理)로도 흔히 불렸다.",탕수육,FOD,18,20,짜장면,FOD,9,11,no_relation,,,,,,,
"대표적인 예로는 짜장면, 짬뽕, 탕수육 등이 있다. 1970년대까지 청요리(淸料理)로도 흔히 불렸다.",짜장면,FOD,9,11,짬뽕,FOD,14,15,no_relation,,,,,,,
"대표적인 예로는 짜장면, 짬뽕, 탕수육 등이 있다. 1970년대까지 청요리(淸料理)로도 흔히 불렸다.",짜장면,FOD,9,11,탕수육,FOD,18,20,no_relation,,,,,,,
"대표적인 예로는 짜장면, 짬뽕, 탕수육 등이 있다. 1970년대까지 청요리(淸料理)로도 흔히 불렸다.",짬뽕,FOD,14,15,탕수육,FOD,18,20,no_relation,,,,,,,
"대표적인 예로는 짜장면, 짬뽕, 탕수육 등이 있다. 1970년대까지 청요리(淸料理)로도 흔히 불렸다.",탕수육,FOD,18,20,짬뽕,FOD,14,15,no_relation,,,,,,,
"대표적인 예로는 짜장면, 짬뽕, 탕수육 등이 있다. 1970년대까지 청요리(淸料理)로도 흔히 불렸다.",짜장면,FOD,9,11,1970년대,DAT,29,34,no_relation,,,,,,,
"대표적인 예로는 짜장면, 짬뽕, 탕수육 등이 있다. 1970년대까지 청요리(淸料理)로도 흔히 불렸다.",짬뽕,FOD,14,15,1970년대,DAT,29,34,no_relation,,,,,,,
"대표적인 예로는 짜장면, 짬뽕, 탕수육 등이 있다. 1970년대까지 청요리(淸料理)로도 흔히 불렸다.",탕수육,FOD,18,20,1970년대,DAT,29,34,no_relation,,,,,,,
"대표적인 예로는 짜장면, 짬뽕, 탕수육 등이 있다. 1970년대까지 청요리(淸料理)로도 흔히 불렸다.",1970년대,DAT,29,34,청요리,FOD,38,40,dat:related_food,,,,,,,
빙수에 넣는 얼음을 가는 기술이 좋아지면서 찾는 사람들이 많아지고 있다.,빙수,FOD,0,1,얼음,FOD,7,8,fod:ingredient,,,,,,,
"전형적인 헝가리 음식은 유제품, 치즈, 육류를 기반으로 하며, 이웃한 체코 요리, 폴란드 요리, 슬로바키아 요리의 음식들과 유사하다.",헝가리,ORG,5,7,유제품,FOD,13,15,org:related_food,,,,,,,
"전형적인 헝가리 음식은 유제품, 치즈, 육류를 기반으로 하며, 이웃한 체코 요리, 폴란드 요리, 슬로바키아 요리의 음식들과 유사하다.",헝가리,ORG,5,7,치즈,FOD,18,19,org:related_food,,,,,,,
"전형적인 헝가리 음식은 유제품, 치즈, 육류를 기반으로 하며, 이웃한 체코 요리, 폴란드 요리, 슬로바키아 요리의 음식들과 유사하다.",헝가리,ORG,5,7,육류,FOD,22,23,org:related_food,,,,,,,
어떤 가정에서는 '바난 레베시'(Banán leves)라고 알려진 바나나 수프가 다가오는 해에 행운과 건강을 가져다 주기 위해 소비된다.,바나나 수프,FOD,37,42,바난 레베시,FOD,10,15,fod:member_of,,,,,,,
전통 식당에서 고기는 숯불 화로를 상에 놓고 여러 가지 반찬과 밥을 주위에 빙 늘어 놓고 구어 먹는다.,고기,FOD,8,9,반찬,FOD,31,32,no_relation,,,,,,,
전통 식당에서 고기는 숯불 화로를 상에 놓고 여러 가지 반찬과 밥을 주위에 빙 늘어 놓고 구어 먹는다.,고기,FOD,8,9,밥,FOD,35,35,no_relation,,,,,,,
"대부분 같은 재료를 사용하여 맛이 밋밋하다는 인식이 있으며, 대다수가 낙지 같은 음식들을 보며 혐오를 느끼기도 한다.",같은 재료,FOD,4,8,낙지,FOD,39,40,no_relation,,,,,,,
이 농축액은 신선한 물이나 탄산수에 희석한다.,농축액,FOD,2,4,신선한 물,FOD,7,11,no_relation,,,,,,,
이 농축액은 신선한 물이나 탄산수에 희석한다.,농축액,FOD,2,4,탄산수,FOD,15,17,no_relation,,,,,,,
한식은 다른 나라의 음식에 비해 전적으로 탄수화물에 크게 의지하는 구조를 가진다.,한식,FOD,0,1,다른 나라의 음식,FOD,4,12,no_relation,,,,,,,
"또한, 눌은 밥을 이용한 누룽지, 숭늉이 있다.",누룽지,FOD,14,16,눌은 밥,FOD,4,7,no_relation,,,,,,,
"또한, 눌은 밥을 이용한 누룽지, 숭늉이 있다.",숭늉,FOD,19,20,눌은 밥,FOD,4,7,no_relation,,,,,,,
백미는 껍질을 벗겨낸 쌀이다.,쌀,FOD,12,12,백미,FOD,0,1,fod:member_of,,,,,,,
빌라슈레겔리(Villásreggeli) 또는 브런치는 특별한 날이나 공휴일에 주는 더욱 고급스러운 큰 아침 식사인데 종종 손님들을 초대한다.,브런치,FOD,25,27,빌라슈레겔리,FOD,0,5,no_relation,,,,,,,
아침 식사로는 뜨거운 음료를 선호한다.,아침,DAT,0,1,뜨거운 음료,FOD,8,13,dat:related_food,,,,,,,
그리고 종류도 다양하고(주로 중국 요리의 영향을 받았다) 다양한 각국의 요리를 즐길 수 있어서 선택의 범위가 너무 넓다는 것이다.,각국의 요리,FOD,36,41,중국 요리,FOD,16,20,no_relation,,,,,,,
매년 복어로 사망하는 사람보다 더 많은 사망자를 기록한다.,복어,FOD,3,4,복어로 사망하는 사람,PER,3,13,no_relation,,,,,,,
매년 복어로 사망하는 사람보다 더 많은 사망자를 기록한다.,복어로 사망하는 사람,PER,3,13,복어,FOD,3,4,no_relation,,,,,,,
입구의 옆에 죽과 면이 보이도록 한 오픈키친이 있는 가게가 많다.,죽,FOD,7,7,면,FOD,10,10,no_relation,,,,,,,
"고전적인 헝가리 식당들은 종종 변형된 몇몇 음식들을 반찬으로 제공하는데, 이는 푸짐한 요리의 상큼한 보완물이다.",푸짐한 요리,FOD,44,49,반찬,FOD,29,30,fod:complement,,,,,,,
대중적인 중국 음식점이 기하급수적으로 늘면서 현재의 중국 음식점은 화교보다는 한국인이 소유와 운영을 맡고 있는 경우가 대부분이다.,한국인,PER,43,45,중국,ORG,5,6,no_relation,,,,,,,
"가축의 중요성, 헝가리인들의 유목 생활 양식의 중요성, 헝가리인들이 과거에 귀를 기울였던 초원은 헝가리 음식에서 육류가 두드러지게 나타나게 했으며, 불 위에서 요리하는 구야시, 푀르쾰트, 가마솥 위에서 요리하는 헐라슬레 등 전통적인 고기 요리에 반영되기도 했다.",고기 요리,FOD,130,134,헐라슬레,FOD,118,121,fod:member_of,,,,,,,
"가축의 중요성, 헝가리인들의 유목 생활 양식의 중요성, 헝가리인들이 과거에 귀를 기울였던 초원은 헝가리 음식에서 육류가 두드러지게 나타나게 했으며, 불 위에서 요리하는 구야시, 푀르쾰트, 가마솥 위에서 요리하는 헐라슬레 등 전통적인 고기 요리에 반영되기도 했다.",고기 요리,FOD,130,134,구야시,FOD,94,96,fod:member_of,,,,,,,
"가축의 중요성, 헝가리인들의 유목 생활 양식의 중요성, 헝가리인들이 과거에 귀를 기울였던 초원은 헝가리 음식에서 육류가 두드러지게 나타나게 했으며, 불 위에서 요리하는 구야시, 푀르쾰트, 가마솥 위에서 요리하는 헐라슬레 등 전통적인 고기 요리에 반영되기도 했다.",고기 요리,FOD,130,134,푀르쾰트,FOD,99,102,fod:member_of,,,,,,,
"가축의 중요성, 헝가리인들의 유목 생활 양식의 중요성, 헝가리인들이 과거에 귀를 기울였던 초원은 헝가리 음식에서 육류가 두드러지게 나타나게 했으며, 불 위에서 요리하는 구야시, 푀르쾰트, 가마솥 위에서 요리하는 헐라슬레 등 전통적인 고기 요리에 반영되기도 했다.",헝가리,ORG,31,33,육류,FOD,63,64,org:related_food,,,,,,,
"헝가리 요리(Hungary 料理, )는 중앙유럽에 있는 헝가리의 요리이다.",헝가리,ORG,31,33,헝가리 요리,FOD,0,5,org:related_food,,,,,,,
"헝가리 요리(Hungary 料理, )는 중앙유럽에 있는 헝가리의 요리이다.",중앙유럽,ORG,22,25,헝가리,ORG,31,33,org:member_of,,,,,,,
"다지우러우(또는 지우러우,지우지아)란 고급 음식점에서 대중적인 식당까지 규모도 천자만별이지만 일반적으로 규모가 크고 연회요리가 나오는 요리점을 가리킨다.",다지우러우,ORG,0,4,지우러우,ORG,9,12,fod:alternate_name,,,,,,,
비네그레트에 들어 있는 간단한 얇게 썬 오이나 토마토 샐러드도 대표적이다.,토마토 샐러드,FOD,26,32,비네그레트,FOD,0,4,no_relation,,,,,,,
그 외에 위험하다고 판단되는 음식에는 숙주나물이 있다.,위험하다고 판단되는 음식,FOD,5,17,숙주나물,FOD,21,24,fod:member_of,,,,,,,
"부활절(Húsvét, 후슈베트) 식사는 특산물이 거의 없지만, 일부 헝가리인, 특히 서볼치서트마르베레그주 주민들은 투로 치즈(Túró, 크바르크)와 달걀로 만든 특별하고 달콤한 노란색 치즈인 샤르가투로(Sárgatúró)를 만든다.",부활절,DAT,0,2,투로 치즈,FOD,64,68,dat:related_food,,,,,,,
저녁 식사가 중요한 경우에는 같은 방식으로 준비되고 같은 코스로 점심 식사를 충분히 할 수 있을 것이다.,저녁 식사,DAT,0,4,점심 식사,DAT,36,40,no_relation,,,,,,,
"WHO에서 정한 발암물질 중 '잠재적 발암물질'에는 김치, 고사리가 있다.",김치,FOD,29,30,고사리,FOD,33,35,no_relation,,,,,,,
"WHO에서 정한 발암물질 중 '잠재적 발암물질'에는 김치, 고사리가 있다.",고사리,FOD,33,35,김치,FOD,29,30,no_relation,,,,,,,
"WHO에서 정한 발암물질 중 '잠재적 발암물질'에는 김치, 고사리가 있다.",WHO,ORG,0,2,김치,FOD,29,30,no_relation,,,,,,,
"WHO에서 정한 발암물질 중 '잠재적 발암물질'에는 김치, 고사리가 있다.",WHO,ORG,0,2,고사리,FOD,33,35,no_relation,,,,,,,
"헝가리산 훈제 소시지, 훈제 햄, 훈제 라드 등도 추가 준비 없이 소비된다.",헝가리,ORG,0,2,훈제 소시지,FOD,5,10,no_relation,,,,,,,
"헝가리산 훈제 소시지, 훈제 햄, 훈제 라드 등도 추가 준비 없이 소비된다.",헝가리,ORG,0,2,훈제 햄,FOD,13,16,no_relation,,,,,,,
"헝가리산 훈제 소시지, 훈제 햄, 훈제 라드 등도 추가 준비 없이 소비된다.",헝가리,ORG,0,2,훈제 라드,FOD,19,23,no_relation,,,,,,,
"요리도 짜장면이나 짬뽕 한 그릇이 아니라, 일정한 순서에 맞추어 코스요리가 제공되었다.",요리,FOD,0,1,코스요리,FOD,36,39,fod:member_of,,,,,,,
"요리도 짜장면이나 짬뽕 한 그릇이 아니라, 일정한 순서에 맞추어 코스요리가 제공되었다.",요리,FOD,0,1,짜장면,FOD,4,6,fod:member_of,,,,,,,
"요리도 짜장면이나 짬뽕 한 그릇이 아니라, 일정한 순서에 맞추어 코스요리가 제공되었다.",요리,FOD,0,1,짬뽕,FOD,10,11,fod:member_of,,,,,,,
"요리도 짜장면이나 짬뽕 한 그릇이 아니라, 일정한 순서에 맞추어 코스요리가 제공되었다.",짜장면,FOD,4,6,짬뽕,FOD,10,11,no_relation,,,,,,,
"어펜터(Apenta), 케쿠티(Kékkúti)를 비롯한 헝가리의 21개 브랜드도 눈에 띈다.",헝가리,ORG,31,33,어펜터,FOD,0,2,org:member_of,,,,,,,
"재료를 기름에 튀긴 튀각과 부각은 간식으로 쓸 수 있으며, 특히 부각은 재료에 찹쌀 풀칠을 하여 필요할 때 튀겨 먹어 밑반찬으로 많이 쓰인다.",부각,FOD,36,37,기름,FOD,4,5,fod:ingredient,,,,,,,
"재료를 기름에 튀긴 튀각과 부각은 간식으로 쓸 수 있으며, 특히 부각은 재료에 찹쌀 풀칠을 하여 필요할 때 튀겨 먹어 밑반찬으로 많이 쓰인다.",부각,FOD,36,37,찹쌀,FOD,44,45,fod:ingredient,,,,,,,
"당시의 중국식당은 한국에서는 극히 드물던 2층으로 되어 있는 게 보통이었는데, 1층에는 홀이 있고 2층에는 방이 있었다.",한국,ORG,10,11,당시의 중국식당,ORG,0,7,org:member_of,,,,,,,
"국의 종류는 매우 다양한데, 우선 미역국은 멸치와 다시마를 넣고 국물을 낸 뒤 미역을 넣고 끓인 것이다.",국,FOD,0,0,미역국,FOD,19,21,fod:member_of,,,,,,,
"국의 종류는 매우 다양한데, 우선 미역국은 멸치와 다시마를 넣고 국물을 낸 뒤 미역을 넣고 끓인 것이다.",미역국,FOD,19,21,멸치,FOD,24,25,fod:ingredient,,,,,,,
"국의 종류는 매우 다양한데, 우선 미역국은 멸치와 다시마를 넣고 국물을 낸 뒤 미역을 넣고 끓인 것이다.",미역국,FOD,19,21,다시마,FOD,28,30,fod:ingredient,,,,,,,
"국의 종류는 매우 다양한데, 우선 미역국은 멸치와 다시마를 넣고 국물을 낸 뒤 미역을 넣고 끓인 것이다.",미역국,FOD,19,21,미역,FOD,44,45,fod:ingredient,,,,,,,
"헝가리와 헝가리인의 전통 음식은 주로 고기, 계절 채소, 과일, 신선한 빵, 유제품, 치즈를 기본으로 한다.",헝가리,ORG,0,2,고기,FOD,21,22,org:related_food,,,,,,,
"헝가리와 헝가리인의 전통 음식은 주로 고기, 계절 채소, 과일, 신선한 빵, 유제품, 치즈를 기본으로 한다.",헝가리,ORG,0,2,계절 채소,FOD,25,29,org:related_food,,,,,,,
"헝가리와 헝가리인의 전통 음식은 주로 고기, 계절 채소, 과일, 신선한 빵, 유제품, 치즈를 기본으로 한다.",헝가리,ORG,0,2,과일,FOD,32,33,org:related_food,,,,,,,
"헝가리와 헝가리인의 전통 음식은 주로 고기, 계절 채소, 과일, 신선한 빵, 유제품, 치즈를 기본으로 한다.",헝가리,ORG,0,2,신선한 빵,FOD,36,40,org:related_food,,,,,,,
"헝가리와 헝가리인의 전통 음식은 주로 고기, 계절 채소, 과일, 신선한 빵, 유제품, 치즈를 기본으로 한다.",헝가리,ORG,0,2,유제품,FOD,43,45,org:related_food,,,,,,,
"헝가리와 헝가리인의 전통 음식은 주로 고기, 계절 채소, 과일, 신선한 빵, 유제품, 치즈를 기본으로 한다.",헝가리,ORG,0,2,치즈,FOD,48,49,org:related_food,,,,,,,
"사발 그릇에 밥과 여러 가지의 채소, 고기, 달걀, 고추장 등을 넣고 섞어서 먹는 비빔밥이 있다.",비빔밥,FOD,46,48,밥,FOD,7,7,fod:ingredient,,,,,,,
"사발 그릇에 밥과 여러 가지의 채소, 고기, 달걀, 고추장 등을 넣고 섞어서 먹는 비빔밥이 있다.",비빔밥,FOD,46,48,채소,FOD,17,18,fod:ingredient,,,,,,,
"사발 그릇에 밥과 여러 가지의 채소, 고기, 달걀, 고추장 등을 넣고 섞어서 먹는 비빔밥이 있다.",비빔밥,FOD,46,48,고기,FOD,21,22,fod:ingredient,,,,,,,
"사발 그릇에 밥과 여러 가지의 채소, 고기, 달걀, 고추장 등을 넣고 섞어서 먹는 비빔밥이 있다.",비빔밥,FOD,46,48,달걀,FOD,25,26,fod:ingredient,,,,,,,
"사발 그릇에 밥과 여러 가지의 채소, 고기, 달걀, 고추장 등을 넣고 섞어서 먹는 비빔밥이 있다.",비빔밥,FOD,46,48,고추장,FOD,29,31,fod:ingredient,,,,,,,
무국 또는 뭇국은 쇠고기 국물에 무를 숭덩숭덩 썰어넣고 끓인 것이다.,뭇국,FOD,6,7,쇠고기 국물,FOD,10,15,fod:ingredient,,,,,,,
무국 또는 뭇국은 쇠고기 국물에 무를 숭덩숭덩 썰어넣고 끓인 것이다.,뭇국,FOD,6,7,무,FOD,18,18,fod:ingredient,,,,,,,
무국 또는 뭇국은 쇠고기 국물에 무를 숭덩숭덩 썰어넣고 끓인 것이다.,뭇국,FOD,6,7,무국,FOD,0,1,fod:alternate_name,,,,,,,
"한식의 대다수 음식들은 염장 음식이며, 특히 김치 한 포기의 경우 피자 45판 정도의 나트륨을 지니고 있다.",한식,FOD,0,1,염장 음식,FOD,13,17,fod:member_of,,,,,,,
"한식의 대다수 음식들은 염장 음식이며, 특히 김치 한 포기의 경우 피자 45판 정도의 나트륨을 지니고 있다.",한식,FOD,0,1,김치,FOD,25,26,fod:member_of,,,,,,,
"한식의 대다수 음식들은 염장 음식이며, 특히 김치 한 포기의 경우 피자 45판 정도의 나트륨을 지니고 있다.",염장 음식,FOD,13,17,김치,FOD,25,26,fod:member_of,,,,,,,
"특히 빙수는 이제 한국에서 흔히 볼 수 있는 요리로 자리를 잡았고, 팥빙수에서 망고 빙수, 딸기 빙수롤 거듭났다.",빙수,FOD,3,4,팥빙수,FOD,38,40,fod:member_of,,,,,,,
"특히 빙수는 이제 한국에서 흔히 볼 수 있는 요리로 자리를 잡았고, 팥빙수에서 망고 빙수, 딸기 빙수롤 거듭났다.",빙수,FOD,3,4,망고 빙수,FOD,44,48,fod:member_of,,,,,,,
"특히 빙수는 이제 한국에서 흔히 볼 수 있는 요리로 자리를 잡았고, 팥빙수에서 망고 빙수, 딸기 빙수롤 거듭났다.",빙수,FOD,3,4,딸기 빙수,FOD,51,55,fod:member_of,,,,,,,
트러우비(Traubi) 또는 트러우비쇼더(Traubisoda)는 1971년에 헝가리 벌러톤빌라고시(Balatonvilágos) 마을에서 생산되어 오스트리아에서 출시된 청량음료이다.,벌러톤빌라고시,ORG,47,53,트러우비,FOD,0,3,org:related_food,,,,,,,
상하이나 북경 등의 광둥요리 중에서도 일상적인 요리를 파는 대중음식점이다.,상하이,ORG,0,2,광둥요리,FOD,11,14,no_relation,,,,,,,
상하이나 북경 등의 광둥요리 중에서도 일상적인 요리를 파는 대중음식점이다.,북경,ORG,5,6,광둥요리,FOD,11,14,no_relation,,,,,,,
"전통적으로 신선한 토마토와 풋고추(때로는 파, 무, 오이)가 제철이면 이것과 함께 나온다.",토마토,FOD,10,12,풋고추,FOD,15,17,no_relation,,,,,,,
보리밥은 보리를 현미 혹은 백미와 적절히 섞은 것이다.,보리밥,FOD,0,2,보리,FOD,5,6,fod:ingredient,,,,,,,
보리밥은 보리를 현미 혹은 백미와 적절히 섞은 것이다.,보리밥,FOD,0,2,현미,FOD,9,10,fod:ingredient,,,,,,,
보리밥은 보리를 현미 혹은 백미와 적절히 섞은 것이다.,보리밥,FOD,0,2,백미,FOD,15,16,fod:ingredient,,,,,,,
"헝가리 와인은 적어도 로마 시대로 거슬러 올라가며, 그 역사는 서슬라브족과 게르만족 사이에 위치한 헝가리를 반영한다.",로마 시대,DAT,12,16,헝가리 와인,FOD,0,5,dat:related_food,,,,,,,
"과거에 흔히 먹던 고기 종류들(우설, 디스노서이트(Disznósajt, 헤드 치즈) 또는 베레시 후르커(Véres hurka, 블랙 푸딩과 비슷함))은 이제 사람들이 보다 건강한 식단으로 눈을 돌리면서 시골과 보다 관련이 있다.",고기 종류,FOD,10,14,디스노서이트,FOD,21,26,fod:member_of,,,,,,,
"점심 식사 형태의 식사일 수도 있고, 여러 코스와 같은 음식을 점심에 제공하거나, 위에서 설명한 것처럼 빵, 냉채, 치즈, 토마토, 후추를 곁들인 헝가리 전통의 아침 식사와 같을 수도 있다.",헝가리 전통의 아침 식사,DAT,82,94,빵,FOD,58,58,fod:member_of,,,,,,,
지금은 새콤달콤하게 무친 홍어회를 많이 쓰지만 동해안지방에서는 명태회를 쓰기도 한다.,동해안지방,ORG,26,30,명태회,FOD,35,37,org:related_food,,,,,,,
"빵과 신선한 채소를 곁들인 이것들을 흔히 '냉식'이라고 부르는데, 주로 아침이나 저녁으로 먹지만 때로는 식당에서 식전 요리로 제공되기도 한다.",빵,FOD,0,0,신선한 채소,FOD,3,8,no_relation,,,,,,,
"빵과 신선한 채소를 곁들인 이것들을 흔히 '냉식'이라고 부르는데, 주로 아침이나 저녁으로 먹지만 때로는 식당에서 식전 요리로 제공되기도 한다.",아침,DAT,40,41,냉식,FOD,24,25,dat:related_food,,,,,,,
"빵과 신선한 채소를 곁들인 이것들을 흔히 '냉식'이라고 부르는데, 주로 아침이나 저녁으로 먹지만 때로는 식당에서 식전 요리로 제공되기도 한다.",저녁,DAT,45,46,냉식,FOD,24,25,dat:related_food,,,,,,,
"빵과 신선한 채소를 곁들인 이것들을 흔히 '냉식'이라고 부르는데, 주로 아침이나 저녁으로 먹지만 때로는 식당에서 식전 요리로 제공되기도 한다.",식전,DAT,63,64,냉식,FOD,24,25,dat:related_food,,,,,,,
"코스 별로 요리가 한 가지씩 나오는 중국 요리집은 요리가 나오기 전까지 오랜 시간 동안 이야기를 나누기 적당했고, 식사 장소는 독립된 한 칸의 방이었기 때문에 이야기한 내용이 외부로 새어나갈 위험이 적었다.",중국 요리집,ORG,20,25,식사 장소,ORG,64,68,org:member_of,,,,,,,
"한식의 식사법 중 하나는 한 그릇에 음식을 두고 많은 사람들이 먹던 숟가락을 사용하여 덜어 먹는 것인데, 이는 전염병에 매우 취약하다는 문제를 가지고 있다.",많은 사람들,PER,27,32,한식,FOD,0,1,no_relation,,,,,,,
"다양한 종류의 파프리카와 양파(익히지 않거나, 약간의 기름에 서서히 익히거나, 지지거나, 캐러멜화한 경우가 있음) 이외에 일반적으로 향신료로는 딜, 월계수 잎, 후추, 캐러웨이, 고수 잎, 계피, 마늘, 겨자무, 레몬즙과 껍질, 마조람, 겨자, 타라곤, 오레가노, 파슬리, 식초, 양귀비씨, 바닐라 등이 있다.",향신료,FOD,74,76,파프리카,FOD,8,11,fod:member_of,,,,,,,
"다양한 종류의 파프리카와 양파(익히지 않거나, 약간의 기름에 서서히 익히거나, 지지거나, 캐러멜화한 경우가 있음) 이외에 일반적으로 향신료로는 딜, 월계수 잎, 후추, 캐러웨이, 고수 잎, 계피, 마늘, 겨자무, 레몬즙과 껍질, 마조람, 겨자, 타라곤, 오레가노, 파슬리, 식초, 양귀비씨, 바닐라 등이 있다.",향신료,FOD,74,76,양파,FOD,14,15,no_relation,,,,,,,
"다양한 종류의 파프리카와 양파(익히지 않거나, 약간의 기름에 서서히 익히거나, 지지거나, 캐러멜화한 경우가 있음) 이외에 일반적으로 향신료로는 딜, 월계수 잎, 후추, 캐러웨이, 고수 잎, 계피, 마늘, 겨자무, 레몬즙과 껍질, 마조람, 겨자, 타라곤, 오레가노, 파슬리, 식초, 양귀비씨, 바닐라 등이 있다.",향신료,FOD,74,76,레몬즙,FOD,119,121,fod:member_of,,,,,,,
"다양한 종류의 파프리카와 양파(익히지 않거나, 약간의 기름에 서서히 익히거나, 지지거나, 캐러멜화한 경우가 있음) 이외에 일반적으로 향신료로는 딜, 월계수 잎, 후추, 캐러웨이, 고수 잎, 계피, 마늘, 겨자무, 레몬즙과 껍질, 마조람, 겨자, 타라곤, 오레가노, 파슬리, 식초, 양귀비씨, 바닐라 등이 있다.",향신료,FOD,74,76,겨자,FOD,133,134,fod:member_of,,,,,,,
"다양한 종류의 파프리카와 양파(익히지 않거나, 약간의 기름에 서서히 익히거나, 지지거나, 캐러멜화한 경우가 있음) 이외에 일반적으로 향신료로는 딜, 월계수 잎, 후추, 캐러웨이, 고수 잎, 계피, 마늘, 겨자무, 레몬즙과 껍질, 마조람, 겨자, 타라곤, 오레가노, 파슬리, 식초, 양귀비씨, 바닐라 등이 있다.",향신료,FOD,74,76,오레가노,FOD,142,145,fod:member_of,,,,,,,
"다양한 종류의 파프리카와 양파(익히지 않거나, 약간의 기름에 서서히 익히거나, 지지거나, 캐러멜화한 경우가 있음) 이외에 일반적으로 향신료로는 딜, 월계수 잎, 후추, 캐러웨이, 고수 잎, 계피, 마늘, 겨자무, 레몬즙과 껍질, 마조람, 겨자, 타라곤, 오레가노, 파슬리, 식초, 양귀비씨, 바닐라 등이 있다.",향신료,FOD,74,76,딜,FOD,80,80,fod:member_of,,,,,,,
"다양한 종류의 파프리카와 양파(익히지 않거나, 약간의 기름에 서서히 익히거나, 지지거나, 캐러멜화한 경우가 있음) 이외에 일반적으로 향신료로는 딜, 월계수 잎, 후추, 캐러웨이, 고수 잎, 계피, 마늘, 겨자무, 레몬즙과 껍질, 마조람, 겨자, 타라곤, 오레가노, 파슬리, 식초, 양귀비씨, 바닐라 등이 있다.",향신료,FOD,74,76,월계수 잎,FOD,83,87,fod:member_of,,,,,,,
"다양한 종류의 파프리카와 양파(익히지 않거나, 약간의 기름에 서서히 익히거나, 지지거나, 캐러멜화한 경우가 있음) 이외에 일반적으로 향신료로는 딜, 월계수 잎, 후추, 캐러웨이, 고수 잎, 계피, 마늘, 겨자무, 레몬즙과 껍질, 마조람, 겨자, 타라곤, 오레가노, 파슬리, 식초, 양귀비씨, 바닐라 등이 있다.",향신료,FOD,74,76,후추,FOD,90,91,fod:member_of,,,,,,,
"다양한 종류의 파프리카와 양파(익히지 않거나, 약간의 기름에 서서히 익히거나, 지지거나, 캐러멜화한 경우가 있음) 이외에 일반적으로 향신료로는 딜, 월계수 잎, 후추, 캐러웨이, 고수 잎, 계피, 마늘, 겨자무, 레몬즙과 껍질, 마조람, 겨자, 타라곤, 오레가노, 파슬리, 식초, 양귀비씨, 바닐라 등이 있다.",향신료,FOD,74,76,캐러웨이,FOD,94,97,fod:member_of,,,,,,,
"다양한 종류의 파프리카와 양파(익히지 않거나, 약간의 기름에 서서히 익히거나, 지지거나, 캐러멜화한 경우가 있음) 이외에 일반적으로 향신료로는 딜, 월계수 잎, 후추, 캐러웨이, 고수 잎, 계피, 마늘, 겨자무, 레몬즙과 껍질, 마조람, 겨자, 타라곤, 오레가노, 파슬리, 식초, 양귀비씨, 바닐라 등이 있다.",향신료,FOD,74,76,고수 잎,FOD,100,103,fod:member_of,,,,,,,
"다양한 종류의 파프리카와 양파(익히지 않거나, 약간의 기름에 서서히 익히거나, 지지거나, 캐러멜화한 경우가 있음) 이외에 일반적으로 향신료로는 딜, 월계수 잎, 후추, 캐러웨이, 고수 잎, 계피, 마늘, 겨자무, 레몬즙과 껍질, 마조람, 겨자, 타라곤, 오레가노, 파슬리, 식초, 양귀비씨, 바닐라 등이 있다.",향신료,FOD,74,76,계피,FOD,106,107,fod:member_of,,,,,,,
"다양한 종류의 파프리카와 양파(익히지 않거나, 약간의 기름에 서서히 익히거나, 지지거나, 캐러멜화한 경우가 있음) 이외에 일반적으로 향신료로는 딜, 월계수 잎, 후추, 캐러웨이, 고수 잎, 계피, 마늘, 겨자무, 레몬즙과 껍질, 마조람, 겨자, 타라곤, 오레가노, 파슬리, 식초, 양귀비씨, 바닐라 등이 있다.",향신료,FOD,74,76,마늘,FOD,110,111,fod:member_of,,,,,,,
"다양한 종류의 파프리카와 양파(익히지 않거나, 약간의 기름에 서서히 익히거나, 지지거나, 캐러멜화한 경우가 있음) 이외에 일반적으로 향신료로는 딜, 월계수 잎, 후추, 캐러웨이, 고수 잎, 계피, 마늘, 겨자무, 레몬즙과 껍질, 마조람, 겨자, 타라곤, 오레가노, 파슬리, 식초, 양귀비씨, 바닐라 등이 있다.",향신료,FOD,74,76,겨자무,FOD,114,116,fod:member_of,,,,,,,
"다양한 종류의 파프리카와 양파(익히지 않거나, 약간의 기름에 서서히 익히거나, 지지거나, 캐러멜화한 경우가 있음) 이외에 일반적으로 향신료로는 딜, 월계수 잎, 후추, 캐러웨이, 고수 잎, 계피, 마늘, 겨자무, 레몬즙과 껍질, 마조람, 겨자, 타라곤, 오레가노, 파슬리, 식초, 양귀비씨, 바닐라 등이 있다.",향신료,FOD,74,76,마조람,FOD,128,130,fod:member_of,,,,,,,
"다양한 종류의 파프리카와 양파(익히지 않거나, 약간의 기름에 서서히 익히거나, 지지거나, 캐러멜화한 경우가 있음) 이외에 일반적으로 향신료로는 딜, 월계수 잎, 후추, 캐러웨이, 고수 잎, 계피, 마늘, 겨자무, 레몬즙과 껍질, 마조람, 겨자, 타라곤, 오레가노, 파슬리, 식초, 양귀비씨, 바닐라 등이 있다.",향신료,FOD,74,76,타라곤,FOD,137,139,fod:member_of,,,,,,,
"다양한 종류의 파프리카와 양파(익히지 않거나, 약간의 기름에 서서히 익히거나, 지지거나, 캐러멜화한 경우가 있음) 이외에 일반적으로 향신료로는 딜, 월계수 잎, 후추, 캐러웨이, 고수 잎, 계피, 마늘, 겨자무, 레몬즙과 껍질, 마조람, 겨자, 타라곤, 오레가노, 파슬리, 식초, 양귀비씨, 바닐라 등이 있다.",향신료,FOD,74,76,파슬리,FOD,148,150,fod:member_of,,,,,,,
"다양한 종류의 파프리카와 양파(익히지 않거나, 약간의 기름에 서서히 익히거나, 지지거나, 캐러멜화한 경우가 있음) 이외에 일반적으로 향신료로는 딜, 월계수 잎, 후추, 캐러웨이, 고수 잎, 계피, 마늘, 겨자무, 레몬즙과 껍질, 마조람, 겨자, 타라곤, 오레가노, 파슬리, 식초, 양귀비씨, 바닐라 등이 있다.",향신료,FOD,74,76,식초,FOD,153,154,fod:member_of,,,,,,,
"다양한 종류의 파프리카와 양파(익히지 않거나, 약간의 기름에 서서히 익히거나, 지지거나, 캐러멜화한 경우가 있음) 이외에 일반적으로 향신료로는 딜, 월계수 잎, 후추, 캐러웨이, 고수 잎, 계피, 마늘, 겨자무, 레몬즙과 껍질, 마조람, 겨자, 타라곤, 오레가노, 파슬리, 식초, 양귀비씨, 바닐라 등이 있다.",향신료,FOD,74,76,양귀비씨,FOD,157,160,fod:member_of,,,,,,,
"다양한 종류의 파프리카와 양파(익히지 않거나, 약간의 기름에 서서히 익히거나, 지지거나, 캐러멜화한 경우가 있음) 이외에 일반적으로 향신료로는 딜, 월계수 잎, 후추, 캐러웨이, 고수 잎, 계피, 마늘, 겨자무, 레몬즙과 껍질, 마조람, 겨자, 타라곤, 오레가노, 파슬리, 식초, 양귀비씨, 바닐라 등이 있다.",향신료,FOD,74,76,바닐라,FOD,163,165,fod:member_of,,,,,,,
초창기의 중국 요리집은 요즘 대중들이 흔히 중국집이라고 부르는 식당과는 달리 특수한 권력층만이 찾는 전통적인 중국식 식당이었다.,권력층,ORG,47,49,전통적인 중국식 식당,FOD,56,66,org:related_food,,,,,,,
초창기의 중국 요리집은 요즘 대중들이 흔히 중국집이라고 부르는 식당과는 달리 특수한 권력층만이 찾는 전통적인 중국식 식당이었다.,초창기의 중국 요리집,ORG,0,10,요즘 대중들이 흔히 중국집이라고 부르는 식당,ORG,13,36,no_relation,,,,,,,
"고추는 헝가리의 전통 음식에서 고명으로만 제공되기도 하지만, 식당에서는 매운 맛을 더하기 위해 말린 고추 또는 고추 페이스트를 제공할 수 있다.",헝가리,ORG,4,6,고추,FOD,0,1,no_relation,,,,,,,
그러나 2011년 여전히 미국의 한식당은 정체불명의 표기를 쓰는 곳이 많아 미국 뉴욕대(NYU) 대학원의 한인학생회가 '한식당 메뉴 정비 캠페인'을 벌이고 있다.,한식당,ORG,18,20,한식당 메뉴,FOD,67,72,org:related_food,,,,,,,
그러나 2011년 여전히 미국의 한식당은 정체불명의 표기를 쓰는 곳이 많아 미국 뉴욕대(NYU) 대학원의 한인학생회가 '한식당 메뉴 정비 캠페인'을 벌이고 있다.,한식당,ORG,67,69,미국의 한식당,ORG,14,20,org:member_of,,,,,,,
그러나 2011년 여전히 미국의 한식당은 정체불명의 표기를 쓰는 곳이 많아 미국 뉴욕대(NYU) 대학원의 한인학생회가 '한식당 메뉴 정비 캠페인'을 벌이고 있다.,미국의 한식당,ORG,14,20,미국 뉴욕대(NYU) 대학원의 한인학생회,ORG,42,63,no_relation,,,,,,,
"어떤 음식들은 관습적인 반찬을 가지고 있는 반면(예를 들어 치르케퍼프리카시(Csirkepaprikás, 파프리카 닭고기 요리)는 거의 항상 노케들리(Nokedli, 국수)와 함께 먹음), 다른 음식들은 완전히 유연하다(예를 들어 란토트 서이트(Rántott sajt, 치즈튀김)는 어떠한 종류든 먹을 수 있음). 일부 헝가리 요리들은 토핑이나 빵이 거의 필수적이라고 여겨지는 측면이 있는데, 예를 들어 사워 크림과 빵 속에 퇼퇴트 카포스터(Töltött káposzta, 양배추말이)를 넣는 경우가 있다.",파프리카 닭고기 요리,FOD,58,68,치르케퍼프리카시,FOD,33,40,fod:alternate_name,,,,,,,
"어떤 음식들은 관습적인 반찬을 가지고 있는 반면(예를 들어 치르케퍼프리카시(Csirkepaprikás, 파프리카 닭고기 요리)는 거의 항상 노케들리(Nokedli, 국수)와 함께 먹음), 다른 음식들은 완전히 유연하다(예를 들어 란토트 서이트(Rántott sajt, 치즈튀김)는 어떠한 종류든 먹을 수 있음). 일부 헝가리 요리들은 토핑이나 빵이 거의 필수적이라고 여겨지는 측면이 있는데, 예를 들어 사워 크림과 빵 속에 퇼퇴트 카포스터(Töltött káposzta, 양배추말이)를 넣는 경우가 있다.",국수,FOD,92,93,노케들리,FOD,78,81,fod:alternate_name,,,,,,,
"어떤 음식들은 관습적인 반찬을 가지고 있는 반면(예를 들어 치르케퍼프리카시(Csirkepaprikás, 파프리카 닭고기 요리)는 거의 항상 노케들리(Nokedli, 국수)와 함께 먹음), 다른 음식들은 완전히 유연하다(예를 들어 란토트 서이트(Rántott sajt, 치즈튀김)는 어떠한 종류든 먹을 수 있음). 일부 헝가리 요리들은 토핑이나 빵이 거의 필수적이라고 여겨지는 측면이 있는데, 예를 들어 사워 크림과 빵 속에 퇼퇴트 카포스터(Töltött káposzta, 양배추말이)를 넣는 경우가 있다.",노케들리,FOD,78,81,치르케퍼프리카시,FOD,33,40,fod:complement,,,,,,,
"또한 미역국은 산모가 출산 전, 후에 많이 먹는 국이다.","출산 전, 후",DAT,12,18,미역국,FOD,3,5,dat:related_food,,,,,,,
"메뉴로는 죽,국수,마른국수,튀긴국수,쌀가루,허펀(쌀가루로 만든 국수),창펀(쌀가루로 만든 앏은 피에 새우나 고기를 싼 것),반찬류 등이 있다.",허펀,FOD,24,25,쌀가루로 만든 국수,FOD,27,36,fod:alternate_name,,,,,,,
"메뉴로는 죽,국수,마른국수,튀긴국수,쌀가루,허펀(쌀가루로 만든 국수),창펀(쌀가루로 만든 앏은 피에 새우나 고기를 싼 것),반찬류 등이 있다.",창펀,FOD,39,40,쌀가루로 만든 앏은 피에 새우나 고기를 싼 것,FOD,42,66,fod:alternate_name,,,,,,,
"헝가리 요리는 다양한 치즈를 사용하지만 가장 일반적인 것은 투로(Túró, 바스러진 크바르크의 일종), 크림 치즈, 매운 맛을 내는 암양 치즈(유흐투로, Juhturó), 커러반 치즈(Karaván), 펀노니어 치즈(Pannónia), 팔푸스터이 치즈(Pálpusztai), 엠멘탈러르(Emmentaler, 에멘탈 치즈), 에덤 치즈(Edam, 에담 치즈), 트러피스트 치즈(Trapist, 트라피스트 치즈)이다.",치즈,FOD,12,13,투로,FOD,33,34,fod:member_of,,,,,,,
"헝가리 요리는 다양한 치즈를 사용하지만 가장 일반적인 것은 투로(Túró, 바스러진 크바르크의 일종), 크림 치즈, 매운 맛을 내는 암양 치즈(유흐투로, Juhturó), 커러반 치즈(Karaván), 펀노니어 치즈(Pannónia), 팔푸스터이 치즈(Pálpusztai), 엠멘탈러르(Emmentaler, 에멘탈 치즈), 에덤 치즈(Edam, 에담 치즈), 트러피스트 치즈(Trapist, 트라피스트 치즈)이다.",치즈,FOD,12,13,펀노니어 치즈,FOD,113,119,fod:member_of,,,,,,,
"헝가리 요리는 다양한 치즈를 사용하지만 가장 일반적인 것은 투로(Túró, 바스러진 크바르크의 일종), 크림 치즈, 매운 맛을 내는 암양 치즈(유흐투로, Juhturó), 커러반 치즈(Karaván), 펀노니어 치즈(Pannónia), 팔푸스터이 치즈(Pálpusztai), 엠멘탈러르(Emmentaler, 에멘탈 치즈), 에덤 치즈(Edam, 에담 치즈), 트러피스트 치즈(Trapist, 트라피스트 치즈)이다.",치즈,FOD,12,13,팔푸스터이 치즈,FOD,132,139,fod:member_of,,,,,,,
"헝가리 요리는 다양한 치즈를 사용하지만 가장 일반적인 것은 투로(Túró, 바스러진 크바르크의 일종), 크림 치즈, 매운 맛을 내는 암양 치즈(유흐투로, Juhturó), 커러반 치즈(Karaván), 펀노니어 치즈(Pannónia), 팔푸스터이 치즈(Pálpusztai), 엠멘탈러르(Emmentaler, 에멘탈 치즈), 에덤 치즈(Edam, 에담 치즈), 트러피스트 치즈(Trapist, 트라피스트 치즈)이다.",치즈,FOD,12,13,엠멘탈러르,FOD,154,158,fod:member_of,,,,,,,
"헝가리 요리는 다양한 치즈를 사용하지만 가장 일반적인 것은 투로(Túró, 바스러진 크바르크의 일종), 크림 치즈, 매운 맛을 내는 암양 치즈(유흐투로, Juhturó), 커러반 치즈(Karaván), 펀노니어 치즈(Pannónia), 팔푸스터이 치즈(Pálpusztai), 엠멘탈러르(Emmentaler, 에멘탈 치즈), 에덤 치즈(Edam, 에담 치즈), 트러피스트 치즈(Trapist, 트라피스트 치즈)이다.",치즈,FOD,12,13,크림 치즈,FOD,58,62,fod:member_of,,,,,,,
"헝가리 요리는 다양한 치즈를 사용하지만 가장 일반적인 것은 투로(Túró, 바스러진 크바르크의 일종), 크림 치즈, 매운 맛을 내는 암양 치즈(유흐투로, Juhturó), 커러반 치즈(Karaván), 펀노니어 치즈(Pannónia), 팔푸스터이 치즈(Pálpusztai), 엠멘탈러르(Emmentaler, 에멘탈 치즈), 에덤 치즈(Edam, 에담 치즈), 트러피스트 치즈(Trapist, 트라피스트 치즈)이다.",치즈,FOD,12,13,암양 치즈,FOD,74,78,fod:member_of,,,,,,,
"헝가리 요리는 다양한 치즈를 사용하지만 가장 일반적인 것은 투로(Túró, 바스러진 크바르크의 일종), 크림 치즈, 매운 맛을 내는 암양 치즈(유흐투로, Juhturó), 커러반 치즈(Karaván), 펀노니어 치즈(Pannónia), 팔푸스터이 치즈(Pálpusztai), 엠멘탈러르(Emmentaler, 에멘탈 치즈), 에덤 치즈(Edam, 에담 치즈), 트러피스트 치즈(Trapist, 트라피스트 치즈)이다.",치즈,FOD,12,13,에덤 치즈,FOD,181,185,fod:member_of,,,,,,,
"헝가리 요리는 다양한 치즈를 사용하지만 가장 일반적인 것은 투로(Túró, 바스러진 크바르크의 일종), 크림 치즈, 매운 맛을 내는 암양 치즈(유흐투로, Juhturó), 커러반 치즈(Karaván), 펀노니어 치즈(Pannónia), 팔푸스터이 치즈(Pálpusztai), 엠멘탈러르(Emmentaler, 에멘탈 치즈), 에덤 치즈(Edam, 에담 치즈), 트러피스트 치즈(Trapist, 트라피스트 치즈)이다.",치즈,FOD,12,13,트러피스트 치즈,FOD,201,208,fod:member_of,,,,,,,
"만드는 방법에 따라 치는 떡, 빚는 떡, 찌는 떡이 있다.",치는 떡,FOD,11,14,빚는 떡,FOD,17,20,no_relation,,,,,,,
현대 헝가리인들은 항상 이런 전형적인 아침을 먹는 것은 아니다.,헝가리인,ORG,3,6,아침,DAT,21,22,no_relation,,,,,,,
정치인들이 중화요리집을 선호한 이유는 길게 대화를 나눌 수 있고 보안 유지에 용이하기 때문이었다.,정치인,ORG,0,2,중화요리집,ORG,6,10,no_relation,,,,,,,
"올리비예 샐러드나 감자 샐러드와 같은 샐러드는 삶은 감자, 야채, 삶은 달걀, 버섯, 튀기거나 삶은 고기나 생선에 비네그레트, 아스픽 또는 마요네즈를 얹어서 만든다.",올리비예 샐러드,FOD,0,7,삶은 감자,FOD,26,30,fod:ingredient,,,,,,,
"샐러드는 보통 고기 요리와 함께 제공되는데, 상추와 토마토, 오이, 양파, 또는 그 외의 야채 절임과 함께 만들어진다.",샐러드,FOD,0,2,고기 요리,FOD,8,12,fod:complement,,,,,,,
많은 요리는 이러한 재료들 가운데 하나 이상의 훈제한 맛을 통해 그 특징을 얻는다.,요리,FOD,3,4,훈제한 맛,FOD,26,30,no_relation,,,,,,,
이는 모든 식사나 종종 주 요리의 반찬 형식으로 먹는다. 1990년에 공산주의 체제가 붕괴되기 전에는 흰 빵이 주식이었다.,주식,FOD,62,63,흰 빵,FOD,57,59,fod:member_of,,,,,,,
"알맞게 구워진 통돼지,닭,비둘기,집오리,거위 등이 가게 앞쪽에 가득 매달려 있는데 포장용으로 무게나 가격만큼 잘라 팔기도 한다.",통돼지,FOD,8,10,비둘기,FOD,14,16,no_relation,,,,,,,
빵은 헝가리인의 식단에서 가장 중요하고 기본적인 부분이다.,헝가리,ORG,3,5,빵,FOD,0,0,org:related_food,,,,,,,
"차갑거나 뜨거운 오르되브르(애피타이저)는 때때로 제공될 수 있고(예: 생선, 달걀 또는 간), 그 다음에는 수프를 제공한다.",오르되브르,FOD,9,13,애피타이저,FOD,15,19,fod:alternate_name,,,,,,,
아욱국은 아욱을 넣고 끓인것이다.,아욱국,FOD,0,2,아욱,FOD,5,6,fod:ingredient,,,,,,,
"산낙지와 같은 음식은 낙지의 특성 상 낙지가 사망해도 촉수가 움직이며, 빨판 등을 이용하여 기도를 막아 사망할 수 있다.",음식,FOD,8,9,산낙지,FOD,0,2,fod:member_of,,,,,,,
"산낙지와 같은 음식은 낙지의 특성 상 낙지가 사망해도 촉수가 움직이며, 빨판 등을 이용하여 기도를 막아 사망할 수 있다.",산낙지,FOD,0,2,낙지,FOD,12,13,fod:ingredient,,,,,,,
"헝가리의 건식 소시지인 콜바스(Kolbász), 텔리살라미(Téliszalámi, 겨울살라미)도 헝가리 요리의 필수품이다.",건식 소시지,FOD,5,10,콜바스,FOD,13,15,fod:member_of,,,,,,,
"헝가리의 건식 소시지인 콜바스(Kolbász), 텔리살라미(Téliszalámi, 겨울살라미)도 헝가리 요리의 필수품이다.",건식 소시지,FOD,5,10,텔리살라미,FOD,27,31,fod:member_of,,,,,,,
크리스마스 때마다 설론추코르(Szaloncukor)와 같은 사탕과 단 음식은 크리스마스 트리를 장식하는 데에 사용되며 모든 사람들이 크리스마스 트리에서 직접 따 먹는다.,크리스마스,DAT,0,4,설론추코르,FOD,10,14,dat:related_food,,,,,,,
"헝가리인들은 주 요리를 반찬이 필요한 지, 필요하지 않은 지 2가지 유형 가운데 하나로 나눈다.",헝가리,ORG,0,2,반찬,FOD,13,14,no_relation,,,,,,,
"또한 밤과 대추 등 다양한 견과류와 과일, 채소들을 넣어 풍미가 가득하다.",견과류,FOD,15,17,대추,FOD,6,7,fod:member_of,,,,,,,
"또한 밤과 대추 등 다양한 견과류와 과일, 채소들을 넣어 풍미가 가득하다.",견과류,FOD,15,17,밤,FOD,3,3,fod:member_of,,,,,,,
헝가리에서는 달콤하거나 순한 파프리카가 훨씬 더 일반적이며 대부분의 음식에서 두드러진다.,헝가리,ORG,0,2,파프리카,FOD,16,19,org:related_food,,,,,,,
"그리고 유명한 요리점이나 고급 주점은 중완, 퉁루어완, 침사추이의 큰길이나 쇼핑몰,호텔 안에 집중해 있다.",퉁루어완,ORG,25,28,침사추이,ORG,31,34,no_relation,,,,,,,
대한민국에 있는 대부분의 중국 음식점에서 가장 보편적으로 만들어 팔고 있는 품목은 아래와 같다.,중국,ORG,14,15,대한민국,ORG,0,3,no_relation,,,,,,,
"밥의 종류는 매우 다양한데, 우선 백미를 사용하는 백미밥이 있다.",백미밥,FOD,28,30,백미,FOD,19,20,fod:ingredient,,,,,,,
주문할 때는 죽으로 할 것인지 면으로 할 것인지 확실하게 전해야 한다.,죽,FOD,7,7,면,FOD,17,17,no_relation,,,,,,,
"백설기, 송편 등이 유명하다.",백설기,FOD,0,2,송편,FOD,5,6,no_relation,,,,,,,
"또한 테이푈(Tejföl, 스메타나)이라는 사워 크림을 토핑으로 사용하는 것은 헝가리의 많은 요리에서 나타나는 또다른 일반적인 특징이다.",스메타나,FOD,15,18,테이푈,FOD,3,5,fod:alternate_name,,,,,,,
"또한 테이푈(Tejföl, 스메타나)이라는 사워 크림을 토핑으로 사용하는 것은 헝가리의 많은 요리에서 나타나는 또다른 일반적인 특징이다.",헝가리,ORG,44,46,사워 크림,FOD,24,28,org:related_food,,,,,,,
미러(Mira)와 같은 일부 광천수는 치료적 가치가 있다.,광천수,FOD,16,18,미러,FOD,0,1,fod:member_of,,,,,,,
"일제 강점기인 1920년대에 조선에 살던 화교들이 청요리집을 운영했으며, 조선총독부 자료에 따르면 1922년 전국 주요 도시의 화교 2224가구 중 30%가 중국 음식점을 운영했고, 1926년에는 수가 더 늘어 중국 음식점이 1200여 호, 종사자가 3,800명 정도에 달했다.",일제 강점기,DAT,0,5,청요리집,ORG,28,31,no_relation,,,,,,,
"일제 강점기인 1920년대에 조선에 살던 화교들이 청요리집을 운영했으며, 조선총독부 자료에 따르면 1922년 전국 주요 도시의 화교 2224가구 중 30%가 중국 음식점을 운영했고, 1926년에는 수가 더 늘어 중국 음식점이 1200여 호, 종사자가 3,800명 정도에 달했다.",화교,ORG,23,24,청요리집,ORG,28,31,no_relation,,,,,,,
"일제 강점기인 1920년대에 조선에 살던 화교들이 청요리집을 운영했으며, 조선총독부 자료에 따르면 1922년 전국 주요 도시의 화교 2224가구 중 30%가 중국 음식점을 운영했고, 1926년에는 수가 더 늘어 중국 음식점이 1200여 호, 종사자가 3,800명 정도에 달했다.",조선총독부,ORG,41,45,중국 음식점,ORG,88,93,no_relation,,,,,,,
"차찬팅은 식당과 다방,빙스를 겸한 가게로 샤오라띠엔도 겸한 샤오라 차찬팅도 있다.",차찬팅,ORG,0,2,샤오라 차찬팅,ORG,33,39,org:member_of,,,,,,,
"차는 정신을 맑게 하는 효과가 있어 승려들이 많이 마셨다고 전하며 잎을 그대로 말려 마시는 녹차와 발효시켜 마시는 우롱차, 홍차가 있다.",차,FOD,0,0,녹차,FOD,51,52,fod:member_of,,,,,,,
"차는 정신을 맑게 하는 효과가 있어 승려들이 많이 마셨다고 전하며 잎을 그대로 말려 마시는 녹차와 발효시켜 마시는 우롱차, 홍차가 있다.",차,FOD,0,0,우롱차,FOD,64,66,fod:member_of,,,,,,,
"차는 정신을 맑게 하는 효과가 있어 승려들이 많이 마셨다고 전하며 잎을 그대로 말려 마시는 녹차와 발효시켜 마시는 우롱차, 홍차가 있다.",차,FOD,0,0,홍차,FOD,69,70,fod:member_of,,,,,,,
헝가리의 식사 시간은 다소 유동적이다.,헝가리,ORG,0,2,식사 시간,DAT,5,9,no_relation,,,,,,,
"헝가리 요리는 대부분 중앙유럽의 대륙식 요리로서 양귀비의 사용 빈도, 케피르와 크바르크에 대한 인기가 높은 동유럽 요리의 일부 요소가 결합되어 있다.",헝가리 요리,FOD,0,5,중앙유럽,ORG,12,15,fod:influencer,,,,,,,
"헝가리 요리는 대부분 중앙유럽의 대륙식 요리로서 양귀비의 사용 빈도, 케피르와 크바르크에 대한 인기가 높은 동유럽 요리의 일부 요소가 결합되어 있다.",동유럽 요리,ORG,60,65,양귀비,FOD,27,29,no_relation,,,,,,,
"헝가리 요리는 대부분 중앙유럽의 대륙식 요리로서 양귀비의 사용 빈도, 케피르와 크바르크에 대한 인기가 높은 동유럽 요리의 일부 요소가 결합되어 있다.",동유럽 요리,ORG,60,65,케피르,FOD,39,41,no_relation,,,,,,,
"헝가리 요리는 대부분 중앙유럽의 대륙식 요리로서 양귀비의 사용 빈도, 케피르와 크바르크에 대한 인기가 높은 동유럽 요리의 일부 요소가 결합되어 있다.",동유럽 요리,ORG,60,65,크바르크,FOD,44,47,no_relation,,,,,,,
"호두나 양귀비씨(bejgli, 베이글리)로 속을 채운 페이스트리 롤은 일반적인 크리스마스 음식이다.",크리스마스,DAT,44,48,양귀비씨,FOD,4,7,dat:related_food,,,,,,,
국은 밥과 함께 언제나 상에 오른다.,밥,FOD,3,3,국,FOD,0,0,no_relation,,,,,,,
1960년대 ~ 1970년대 정부가 분식을 장려하고 비교적 짧은 조리시간이 산업화 시대의 요구와 맞아떨어지면서 짜장면 등 중국 요리는 대중적인 외식요리로 자리 잡았다.,중국 요리,FOD,68,72,짜장면,FOD,62,64,fod:member_of,,,,,,,
1960년대 ~ 1970년대 정부가 분식을 장려하고 비교적 짧은 조리시간이 산업화 시대의 요구와 맞아떨어지면서 짜장면 등 중국 요리는 대중적인 외식요리로 자리 잡았다.,1960년대 ~ 1970년대 정부,ORG,0,17,분식,FOD,20,21,org:related_food,,,,,,,
이는 멕시코나 태국과 같이 고추와 관련된 다른 나라의 요리들과 극명한 대조를 이룬다.,멕시코,ORG,3,5,고추,FOD,15,16,org:related_food,,,,,,,
이는 멕시코나 태국과 같이 고추와 관련된 다른 나라의 요리들과 극명한 대조를 이룬다.,태국,ORG,8,9,고추,FOD,15,16,org:related_food,,,,,,,
"튀각, 부각, 김치, 떡 등.",튀각,FOD,0,1,부각,FOD,4,5,no_relation,,,,,,,
"가장 영양소가 풍부하며, 건강식, 다이어트식으로 널리 식용된다.",다이어트식,FOD,19,23,건강식,FOD,14,16,no_relation,,,,,,,
동시에 한식은 세계에서 가장 나트륨 섭취가 높은 식단이기도 하다.,한식,FOD,4,5,세계에서 가장 나트륨 섭취가 높은 식단,FOD,8,28,no_relation,,,,,,,
"실제로 대한민국은 아시아에서 가장 비만율이 높은 국가이며, 한식이 영향을 일부 끼친다고 보고하기도 했다.",대한민국,ORG,4,7,한식,FOD,33,34,org:related_food,,,,,,,
"주 요리는 고기, 반찬, 샐러드(또는 파프리카, 오이, 사우어크라우트 등과 같은 절인 야채)가 디저트에 앞서 나오는 요리이다.",주 요리,FOD,0,3,고기,FOD,6,7,fod:member_of,,,,,,,
"여기에는 다양한 종류의 국수, 만두, 감자, 쌀이 반찬으로 제공된다.",반찬,FOD,28,29,만두,FOD,17,18,fod:member_of,,,,,,,
"여기에는 다양한 종류의 국수, 만두, 감자, 쌀이 반찬으로 제공된다.",반찬,FOD,28,29,감자,FOD,21,22,fod:member_of,,,,,,,
"여기에는 다양한 종류의 국수, 만두, 감자, 쌀이 반찬으로 제공된다.",반찬,FOD,28,29,쌀,FOD,25,25,fod:member_of,,,,,,,
"여기에는 다양한 종류의 국수, 만두, 감자, 쌀이 반찬으로 제공된다.",반찬,FOD,28,29,국수,FOD,13,14,fod:member_of,,,,,,,
한국의 중국 음식점에서는 다른 나라의 중국 음식점에서는 제공되지 않는 어느 곳에 가더라도 공통적으로 나오는 밑반찬이 있다.,한국,ORG,0,1,밑반찬,FOD,60,62,no_relation,,,,,,,
"달걀(튀김, 스크램블 또는 삶은 것)도 아침 식사의 일부일 수 있다.",아침,DAT,22,23,달걀,FOD,0,1,no_relation,,,,,,,
"그 외에 해물탕, 매운탕, 추어탕, 알탕 등 탕의 종류는 매우 다양하다.",탕,FOD,25,25,해물탕,FOD,5,7,fod:member_of,,,,,,,
"그 외에 해물탕, 매운탕, 추어탕, 알탕 등 탕의 종류는 매우 다양하다.",탕,FOD,25,25,매운탕,FOD,10,12,fod:member_of,,,,,,,
"그 외에 해물탕, 매운탕, 추어탕, 알탕 등 탕의 종류는 매우 다양하다.",탕,FOD,25,25,추어탕,FOD,15,17,fod:member_of,,,,,,,
"그 외에 해물탕, 매운탕, 추어탕, 알탕 등 탕의 종류는 매우 다양하다.",탕,FOD,25,25,알탕,FOD,20,21,fod:member_of,,,,,,,
약빕은 특별한 날에만 즐겨 먹는 음식이고 밥을 뭉쳐 떡 처럼 만들었다.,약빕,FOD,0,1,밥,FOD,23,23,fod:ingredient,,,,,,,
흑미밥은 검은쌀(흑미)로 만들어진 것이다.,흑미밥,FOD,0,2,검은쌀,FOD,5,7,fod:ingredient,,,,,,,
흑미밥은 검은쌀(흑미)로 만들어진 것이다.,흑미밥,FOD,0,2,흑미,FOD,9,10,fod:ingredient,,,,,,,
"퇼퇴트 카포스터(Töltött káposzta), 후쇼시 카포스터(Húsos káposzta), 코르헤이(Korhely)와 같이 계절적인 정성이 풍부한 몇몇 요리는 서버뉴 카포스터를 기반으로 한다.",서버뉴 카포스터,FOD,92,99,퇼퇴트 카포스터,FOD,0,7,fod:member_of,,,,,,,
"퇼퇴트 카포스터(Töltött káposzta), 후쇼시 카포스터(Húsos káposzta), 코르헤이(Korhely)와 같이 계절적인 정성이 풍부한 몇몇 요리는 서버뉴 카포스터를 기반으로 한다.",서버뉴 카포스터,FOD,92,99,후쇼시 카포스터,FOD,28,35,fod:member_of,,,,,,,
"헝가리 요리는 헝가리인의 역사에 영향을 끼쳤으며, 그 반대의 경우도 마찬가지였다.",헝가리,ORG,8,10,헝가리 요리,FOD,0,5,org:influencer,,,,,,,
재래식 식당인 찬팅은 서민 주택가에 많은데 가게 앞의 진열장에서 빵이나 버터크림 케이크 따위를 팔고 있다.,빵,FOD,36,36,버터크림 케이크,FOD,40,47,no_relation,,,,,,,
해선요리를 주요리로 하는 가게는 '××海鮮酒家'라는 이름이 많다.,주요리,FOD,6,8,해선요리,FOD,0,3,fod:member_of,,,,,,,
"구운 고기를 작은 조각으로 자른 다음 신선한 상추, 밥, 얇게 저민 마늘, 쌈장(고추장과 된장을 섞은 것) 그 밖의 양념을 같이 싸서 먹는다.",구운 고기,FOD,0,4,상추,FOD,25,26,no_relation,,,,,,,
"구운 고기를 작은 조각으로 자른 다음 신선한 상추, 밥, 얇게 저민 마늘, 쌈장(고추장과 된장을 섞은 것) 그 밖의 양념을 같이 싸서 먹는다.",구운 고기,FOD,0,4,밥,FOD,29,29,no_relation,,,,,,,
"구운 고기를 작은 조각으로 자른 다음 신선한 상추, 밥, 얇게 저민 마늘, 쌈장(고추장과 된장을 섞은 것) 그 밖의 양념을 같이 싸서 먹는다.",구운 고기,FOD,0,4,마늘,FOD,38,39,no_relation,,,,,,,
"구운 고기를 작은 조각으로 자른 다음 신선한 상추, 밥, 얇게 저민 마늘, 쌈장(고추장과 된장을 섞은 것) 그 밖의 양념을 같이 싸서 먹는다.",구운 고기,FOD,0,4,쌈장,FOD,42,43,no_relation,,,,,,,
"구운 고기를 작은 조각으로 자른 다음 신선한 상추, 밥, 얇게 저민 마늘, 쌈장(고추장과 된장을 섞은 것) 그 밖의 양념을 같이 싸서 먹는다.",구운 고기,FOD,0,4,양념,FOD,65,66,no_relation,,,,,,,
"빙수는 여름에 기분전환으로 인기가 있고, 따뜻한 국물, 김밥, 호떡, 붕어빵 등은 가을과 겨울에 많이 먹는다.",김밥,FOD,31,32,따뜻한 국물,FOD,23,28,no_relation,,,,,,,
"빙수는 여름에 기분전환으로 인기가 있고, 따뜻한 국물, 김밥, 호떡, 붕어빵 등은 가을과 겨울에 많이 먹는다.",여름,DAT,4,5,빙수,FOD,0,1,dat:related_food,,,,,,,
"빙수는 여름에 기분전환으로 인기가 있고, 따뜻한 국물, 김밥, 호떡, 붕어빵 등은 가을과 겨울에 많이 먹는다.",가을,DAT,46,47,호떡,FOD,35,36,dat:related_food,,,,,,,
"빙수는 여름에 기분전환으로 인기가 있고, 따뜻한 국물, 김밥, 호떡, 붕어빵 등은 가을과 겨울에 많이 먹는다.",가을,DAT,46,47,붕어빵,FOD,39,41,dat:related_food,,,,,,,
"빙수는 여름에 기분전환으로 인기가 있고, 따뜻한 국물, 김밥, 호떡, 붕어빵 등은 가을과 겨울에 많이 먹는다.",겨울,DAT,50,51,호떡,FOD,35,36,dat:related_food,,,,,,,
"빙수는 여름에 기분전환으로 인기가 있고, 따뜻한 국물, 김밥, 호떡, 붕어빵 등은 가을과 겨울에 많이 먹는다.",겨울,DAT,50,51,붕어빵,FOD,39,41,dat:related_food,,,,,,,
"1884년 조선과 청 사이에 인천구화상지계장정이 체결되면서 현 인천 차이나타운 자리에 청나라 조계지가 생겼으며, 이후 1898년 산둥반도에서 의화단 운동이 일어나며 많은 산둥 사람이 당시 산둥과 인천 사이에 개설되어 있던 정기 항로를 통해 인천으로 이주해 정착하게 되었다.",조선,ORG,6,7,청,ORG,10,10,no_relation,,,,,,,
"1884년 조선과 청 사이에 인천구화상지계장정이 체결되면서 현 인천 차이나타운 자리에 청나라 조계지가 생겼으며, 이후 1898년 산둥반도에서 의화단 운동이 일어나며 많은 산둥 사람이 당시 산둥과 인천 사이에 개설되어 있던 정기 항로를 통해 인천으로 이주해 정착하게 되었다.",조선,ORG,6,7,청나라,ORG,48,50,no_relation,,,,,,,
"1884년 조선과 청 사이에 인천구화상지계장정이 체결되면서 현 인천 차이나타운 자리에 청나라 조계지가 생겼으며, 이후 1898년 산둥반도에서 의화단 운동이 일어나며 많은 산둥 사람이 당시 산둥과 인천 사이에 개설되어 있던 정기 항로를 통해 인천으로 이주해 정착하게 되었다.",산둥,ORG,95,96,의화단,ORG,79,81,no_relation,,,,,,,
"1884년 조선과 청 사이에 인천구화상지계장정이 체결되면서 현 인천 차이나타운 자리에 청나라 조계지가 생겼으며, 이후 1898년 산둥반도에서 의화단 운동이 일어나며 많은 산둥 사람이 당시 산둥과 인천 사이에 개설되어 있던 정기 항로를 통해 인천으로 이주해 정착하게 되었다.",인천,ORG,109,110,산둥,ORG,105,106,no_relation,,,,,,,
양력설에는 숙취 해소를 위해 렌즈콩 수프 또는 육류가 많은 사우어크라우트 수프인 코르헤이레베시(Korhelyleves)를 먹는 것이 일반적이다.,양력설,DAT,0,2,코르헤이레베시,FOD,45,51,dat:related_food,,,,,,,
"모두 말해 현대 헝가리 요리는 서슬라브족, 발칸반도 주민, 오스트리아인, 독일인의 양식에 고대 우랄 지방의 양식을 합성한 것이다.",헝가리 요리,FOD,9,14,서슬라브족,ORG,17,21,fod:influencer,,,,,,,
"헝가리에서 가장 주목받는 술은 허브 비터인 우니쿰(Unicum), 과일 브랜디인 펄린커(Pálinka, 자두와 배로 만든 증류주)이다.",헝가리,ORG,0,2,우니쿰,FOD,24,26,org:related_food,,,,,,,
"주요 생산품으로는 시큼한 양배추로 만든 서버뉴 카포스터(Savanyú káposzta, 사우어크라우트), 소금에 절인 고추, 게르킨(Gherkin, 오이 피클) 등이지만 꽃양배추, 녹색 토마토, 아기 수박, 그 외의 다른 야채들도 흔하게 섞여 있다.",서버뉴 카포스터,FOD,22,29,양배추,FOD,14,16,fod:ingredient,,,,,,,
"주요 생산품으로는 시큼한 양배추로 만든 서버뉴 카포스터(Savanyú káposzta, 사우어크라우트), 소금에 절인 고추, 게르킨(Gherkin, 오이 피클) 등이지만 꽃양배추, 녹색 토마토, 아기 수박, 그 외의 다른 야채들도 흔하게 섞여 있다.",오이 피클,FOD,83,87,게르킨,FOD,70,72,fod:alternate_name,,,,,,,
거의 대부분 콩과 조. 경우에 따라선 기장도 넣는다.,콩,FOD,7,7,기장,FOD,21,22,no_relation,,,,,,,
헝가리의 몇몇 케이크와 단 음식들은 독일과 오스트리아의 강한 영향력을 보여준다.,독일,ORG,20,21,헝가리,ORG,0,2,no_relation,,,,,,,
한국식 중국 요리는 한국과 지리적으로 가까운 중국의 북방 요리(특히 산둥 요리)의 영향을 많이 받았다.,중국의 북방 요리,FOD,25,33,산둥 요리,FOD,38,42,fod:member_of,,,,,,,
한국식 중국 요리는 한국과 지리적으로 가까운 중국의 북방 요리(특히 산둥 요리)의 영향을 많이 받았다.,한국식 중국 요리,FOD,0,8,중국,ORG,25,26,fod:influencer,,,,,,,
한국식 중국 요리는 한국과 지리적으로 가까운 중국의 북방 요리(특히 산둥 요리)의 영향을 많이 받았다.,한국식 중국 요리,FOD,0,8,산둥,ORG,38,39,fod:influencer,,,,,,,
한국식 중국 요리는 한국과 지리적으로 가까운 중국의 북방 요리(특히 산둥 요리)의 영향을 많이 받았다.,한국,ORG,11,12,한국식 중국 요리,FOD,0,8,org:related_food,,,,,,,
한국식 중국 요리는 한국과 지리적으로 가까운 중국의 북방 요리(특히 산둥 요리)의 영향을 많이 받았다.,중국,ORG,25,26,산둥,ORG,38,39,org:member_of,,,,,,,
한국식 중국 요리는 한국과 지리적으로 가까운 중국의 북방 요리(특히 산둥 요리)의 영향을 많이 받았다.,한국,ORG,11,12,중국,ORG,25,26,no_relation,,,,,,,
한국식 중국 요리는 한국과 지리적으로 가까운 중국의 북방 요리(특히 산둥 요리)의 영향을 많이 받았다.,한국식 중국 요리,FOD,0,8,중국의 북방 요리,FOD,25,33,fod:influencer,,,,,,,
한국식 중국 요리는 한국과 지리적으로 가까운 중국의 북방 요리(특히 산둥 요리)의 영향을 많이 받았다.,한국식 중국 요리,FOD,0,8,산둥 요리,FOD,38,42,fod:influencer,,,,,,,
대한민국에서 대중적으로 인기를 얻은 짜장면과 짬뽕 등 한국식 중국 요리는 화교들이 많이 살던 인천광역시에서 개발되었다.,한국식 중국 요리,FOD,30,38,짜장면,FOD,20,22,fod:member_of,,,,,,,
대한민국에서 대중적으로 인기를 얻은 짜장면과 짬뽕 등 한국식 중국 요리는 화교들이 많이 살던 인천광역시에서 개발되었다.,한국식 중국 요리,FOD,30,38,짬뽕,FOD,25,26,fod:member_of,,,,,,,
대한민국에서 대중적으로 인기를 얻은 짜장면과 짬뽕 등 한국식 중국 요리는 화교들이 많이 살던 인천광역시에서 개발되었다.,대한민국,ORG,0,3,인천광역시,ORG,52,56,org:member_of,,,,,,,
한식의 인상은 해외에서는 그다지 좋지 않다.,해외,ORG,8,9,한식,FOD,0,1,no_relation,,,,,,,
"삼계탕은 닭과 한약재, 인삼, 대추와 파, 그리고 갖가지 채소를 넣고 진하게 끓인 것이다.",삼계탕,FOD,0,2,닭,FOD,5,5,fod:ingredient,,,,,,,
"삼계탕은 닭과 한약재, 인삼, 대추와 파, 그리고 갖가지 채소를 넣고 진하게 끓인 것이다.",삼계탕,FOD,0,2,한약재,FOD,8,10,fod:ingredient,,,,,,,
"삼계탕은 닭과 한약재, 인삼, 대추와 파, 그리고 갖가지 채소를 넣고 진하게 끓인 것이다.",삼계탕,FOD,0,2,인삼,FOD,13,14,fod:ingredient,,,,,,,
"삼계탕은 닭과 한약재, 인삼, 대추와 파, 그리고 갖가지 채소를 넣고 진하게 끓인 것이다.",삼계탕,FOD,0,2,대추,FOD,17,18,fod:ingredient,,,,,,,
"삼계탕은 닭과 한약재, 인삼, 대추와 파, 그리고 갖가지 채소를 넣고 진하게 끓인 것이다.",삼계탕,FOD,0,2,파,FOD,21,21,fod:ingredient,,,,,,,
"삼계탕은 닭과 한약재, 인삼, 대추와 파, 그리고 갖가지 채소를 넣고 진하게 끓인 것이다.",삼계탕,FOD,0,2,채소,FOD,32,33,fod:ingredient,,,,,,,
떡은 명절이나 큰 행사에 자주 쓰이는 음식으로 고조선 시대의 시루가 발견되어 긴 역사를 가늠할 수 있다.,명절,DAT,3,4,떡,FOD,0,0,dat:related_food,,,,,,,
"다른 음료로는 숭늉, 수정과, 식혜 등이 있다.",음료,FOD,3,4,숭늉,FOD,8,9,fod:member_of,,,,,,,
"다른 음료로는 숭늉, 수정과, 식혜 등이 있다.",음료,FOD,3,4,수정과,FOD,12,14,fod:member_of,,,,,,,
"다른 음료로는 숭늉, 수정과, 식혜 등이 있다.",음료,FOD,3,4,식혜,FOD,17,18,fod:member_of,,,,,,,
"전형적인 향신료로 사용되는 파프리카, 후추는 종종 헝가리와 연관되어 있으며, 소수의 요리에 두드러지게 사용된다.",향신료,FOD,5,7,후추,FOD,21,22,fod:member_of,,,,,,,
"전형적인 향신료로 사용되는 파프리카, 후추는 종종 헝가리와 연관되어 있으며, 소수의 요리에 두드러지게 사용된다.",향신료,FOD,5,7,파프리카,FOD,15,18,fod:member_of,,,,,,,
"전형적인 향신료로 사용되는 파프리카, 후추는 종종 헝가리와 연관되어 있으며, 소수의 요리에 두드러지게 사용된다.",헝가리,ORG,28,30,후추,FOD,21,22,org:related_food,,,,,,,
"전형적인 향신료로 사용되는 파프리카, 후추는 종종 헝가리와 연관되어 있으며, 소수의 요리에 두드러지게 사용된다.",헝가리,ORG,28,30,파프리카,FOD,15,18,org:related_food,,,,,,,
"일부 한식에는 떡을 ""Mochi""로, 김밥을 ""Onigiri""로, 순대를 ""Korean ham"" 혹은 ""Oriental sausage"" 라고 표기하기도 하는 등의 차용어 사용이 발견되기도 했다.",한식,FOD,3,4,김밥,FOD,21,22,fod:member_of,,,,,,,
"일부 한식에는 떡을 ""Mochi""로, 김밥을 ""Onigiri""로, 순대를 ""Korean ham"" 혹은 ""Oriental sausage"" 라고 표기하기도 하는 등의 차용어 사용이 발견되기도 했다.",한식,FOD,3,4,순대,FOD,37,38,fod:member_of,,,,,,,
"일부 한식에는 떡을 ""Mochi""로, 김밥을 ""Onigiri""로, 순대를 ""Korean ham"" 혹은 ""Oriental sausage"" 라고 표기하기도 하는 등의 차용어 사용이 발견되기도 했다.",한식,FOD,3,4,떡,FOD,8,8,fod:member_of,,,,,,,
"일부 한식에는 떡을 ""Mochi""로, 김밥을 ""Onigiri""로, 순대를 ""Korean ham"" 혹은 ""Oriental sausage"" 라고 표기하기도 하는 등의 차용어 사용이 발견되기도 했다.",떡,FOD,8,8,Mochi,FOD,12,16,fod:alternate_name,,,,,,,
"일부 한식에는 떡을 ""Mochi""로, 김밥을 ""Onigiri""로, 순대를 ""Korean ham"" 혹은 ""Oriental sausage"" 라고 표기하기도 하는 등의 차용어 사용이 발견되기도 했다.",김밥,FOD,21,22,Onigiri,FOD,26,32,fod:alternate_name,,,,,,,
"일부 한식에는 떡을 ""Mochi""로, 김밥을 ""Onigiri""로, 순대를 ""Korean ham"" 혹은 ""Oriental sausage"" 라고 표기하기도 하는 등의 차용어 사용이 발견되기도 했다.",순대,FOD,37,38,Korean ham,FOD,42,51,fod:alternate_name,,,,,,,
"일부 한식에는 떡을 ""Mochi""로, 김밥을 ""Onigiri""로, 순대를 ""Korean ham"" 혹은 ""Oriental sausage"" 라고 표기하기도 하는 등의 차용어 사용이 발견되기도 했다.",순대,FOD,37,38,Oriental sausage,FOD,58,73,fod:alternate_name,,,,,,,
주로 불고기나 삼겹살을 많이 먹는다.,삼겹살,FOD,8,10,불고기,FOD,3,5,no_relation,,,,,,,
술 접대를 하는 '기녀'가 있는 곳도 있었다.,기녀,ORG,10,11,술,FOD,0,0,org:related_food,,,,,,,
"아이들은 아침 식사로 코코아 가루와 설탕 또는 과일 시럽을 얹은 쌀 푸딩(Tejberizs, 테이베리주)이나 세몰리나 크림(Tejbegríz, 테이베그리즈)을 먹는다.",아침,DAT,5,6,세몰리나 크림,FOD,61,67,dat:related_food,,,,,,,
"헝가리 요리의 두 가지 주목할 만한 요소는 현지인들에게는 거의 주목을 받지 못하지만 대개 외국인들로부터 많은 열정을 이끌어 내는 것인데, 푀젤레크(Főzelék)라고 부르는 야채 스튜, 신맛을 내는 체리 수프인 히데그 메질레베시(Hideg meggyleves)와 같은 차가운 과일 수프가 있다.",야채 스튜,FOD,97,101,푀젤레크,FOD,77,80,fod:alternate_name,,,,,,,
"헝가리 요리의 두 가지 주목할 만한 요소는 현지인들에게는 거의 주목을 받지 못하지만 대개 외국인들로부터 많은 열정을 이끌어 내는 것인데, 푀젤레크(Főzelék)라고 부르는 야채 스튜, 신맛을 내는 체리 수프인 히데그 메질레베시(Hideg meggyleves)와 같은 차가운 과일 수프가 있다.",차가운 과일 수프,FOD,150,158,히데그 메질레베시,FOD,118,126,fod:member_of,,,,,,,
"한식을 홍보하는 사람들은 한식을 '웰빙 식단'이라고 홍보하지만, 실제 웰빙 식단은 한 번에 먹는 것이 아닌 코스 요리처럼 채소, 두부나 계란 단백질, 마지막으로 고기 종류의 단백질 순서로 먹으며, 한식의 식사법은 이와 정확히 반대되는 식사법을 가지고 있다.",웰빙 식단,FOD,39,43,채소,FOD,68,69,fod:member_of,,,,,,,
"한식을 홍보하는 사람들은 한식을 '웰빙 식단'이라고 홍보하지만, 실제 웰빙 식단은 한 번에 먹는 것이 아닌 코스 요리처럼 채소, 두부나 계란 단백질, 마지막으로 고기 종류의 단백질 순서로 먹으며, 한식의 식사법은 이와 정확히 반대되는 식사법을 가지고 있다.",웰빙 식단,FOD,39,43,두부,FOD,72,73,fod:member_of,,,,,,,
"한식을 홍보하는 사람들은 한식을 '웰빙 식단'이라고 홍보하지만, 실제 웰빙 식단은 한 번에 먹는 것이 아닌 코스 요리처럼 채소, 두부나 계란 단백질, 마지막으로 고기 종류의 단백질 순서로 먹으며, 한식의 식사법은 이와 정확히 반대되는 식사법을 가지고 있다.",웰빙 식단,FOD,39,43,계란 단백질,FOD,76,81,fod:member_of,,,,,,,
"한식을 홍보하는 사람들은 한식을 '웰빙 식단'이라고 홍보하지만, 실제 웰빙 식단은 한 번에 먹는 것이 아닌 코스 요리처럼 채소, 두부나 계란 단백질, 마지막으로 고기 종류의 단백질 순서로 먹으며, 한식의 식사법은 이와 정확히 반대되는 식사법을 가지고 있다.",웰빙 식단,FOD,39,43,고기 종류의 단백질,FOD,90,99,fod:member_of,,,,,,,
"한식을 홍보하는 사람들은 한식을 '웰빙 식단'이라고 홍보하지만, 실제 웰빙 식단은 한 번에 먹는 것이 아닌 코스 요리처럼 채소, 두부나 계란 단백질, 마지막으로 고기 종류의 단백질 순서로 먹으며, 한식의 식사법은 이와 정확히 반대되는 식사법을 가지고 있다.",한식,FOD,14,15,웰빙 식단,FOD,19,23,no_relation,,,,,,,
쌀에는 거의 대부분의 영양소가 껍질에 있어서 현미가 백미보다는 영양소가 많다.,백미,FOD,29,30,현미,FOD,25,26,no_relation,,,,,,,
국은 물에 국물을 내는 재료를 넣고 끓인 것이다.,국,FOD,0,0,물,FOD,3,3,fod:ingredient,,,,,,,
"구식 요리에서는 자두나 살구 같은 과일을 고기나 톡 쏘는 소스, 소와 함께 요리하면서 구이를 만들거나 칼집을 낸다.",고기,FOD,23,24,자두,FOD,9,10,no_relation,,,,,,,
"구식 요리에서는 자두나 살구 같은 과일을 고기나 톡 쏘는 소스, 소와 함께 요리하면서 구이를 만들거나 칼집을 낸다.",소스,FOD,32,33,자두,FOD,9,10,no_relation,,,,,,,
"구식 요리에서는 자두나 살구 같은 과일을 고기나 톡 쏘는 소스, 소와 함께 요리하면서 구이를 만들거나 칼집을 낸다.",소,FOD,36,36,자두,FOD,9,10,no_relation,,,,,,,
"구식 요리에서는 자두나 살구 같은 과일을 고기나 톡 쏘는 소스, 소와 함께 요리하면서 구이를 만들거나 칼집을 낸다.",고기,FOD,23,24,살구,FOD,13,14,no_relation,,,,,,,
"구식 요리에서는 자두나 살구 같은 과일을 고기나 톡 쏘는 소스, 소와 함께 요리하면서 구이를 만들거나 칼집을 낸다.",소스,FOD,32,33,살구,FOD,13,14,no_relation,,,,,,,
"구식 요리에서는 자두나 살구 같은 과일을 고기나 톡 쏘는 소스, 소와 함께 요리하면서 구이를 만들거나 칼집을 낸다.",소,FOD,36,36,살구,FOD,13,14,no_relation,,,,,,,
"여행자나 보부상이 이용하던 주막 외에는 특별한 외식(外食) 문화가 별로 없었던 조선에서도 1876년 개항 이후에는 본격적으로 외식업(外食業)이 등장하게 되었는데, 그 맨 앞에 섰던 것이 중국 요리집이었다.",조선,ORG,44,45,중국 요리집,ORG,104,109,org:member_of,,,,,,,
"여행자나 보부상이 이용하던 주막 외에는 특별한 외식(外食) 문화가 별로 없었던 조선에서도 1876년 개항 이후에는 본격적으로 외식업(外食業)이 등장하게 되었는데, 그 맨 앞에 섰던 것이 중국 요리집이었다.",주막,ORG,15,16,보부상,ORG,5,7,no_relation,,,,,,,
"여행자나 보부상이 이용하던 주막 외에는 특별한 외식(外食) 문화가 별로 없었던 조선에서도 1876년 개항 이후에는 본격적으로 외식업(外食業)이 등장하게 되었는데, 그 맨 앞에 섰던 것이 중국 요리집이었다.",주막,ORG,15,16,여행자,ORG,0,2,no_relation,,,,,,,
된장국은 멸치 다시마로 국물을 낸 국물에 된장을 푼 것이다.,된장국,FOD,0,2,멸치,FOD,5,6,fod:ingredient,,,,,,,
된장국은 멸치 다시마로 국물을 낸 국물에 된장을 푼 것이다.,된장국,FOD,0,2,다시마,FOD,8,10,fod:ingredient,,,,,,,
된장국은 멸치 다시마로 국물을 낸 국물에 된장을 푼 것이다.,된장국,FOD,0,2,된장,FOD,23,24,fod:ingredient,,,,,,,
"아침에는 죽만 파는 가게도 있으므로, 오픈 키친에 면이나 쌀가루가 쌓여 있는지 확인한 뒤 가게 안으로 들어가야 한다.",죽,FOD,5,5,쌀가루,FOD,32,34,no_relation,,,,,,,
중요한 일이 아닐 때는 남은 음식을 먹기 좋은 시간이다.,음식,FOD,16,17,시간,DAT,26,27,no_relation,,,,,,,
죽과 국수 전문점으로 아침 6시부터 새벽 2시까지 영업한다.,죽,FOD,0,0,국수,FOD,3,4,no_relation,,,,,,,
"15세기에는 르네상스 문화의 영향을 받은 마차시 1세 국왕과 나폴리 출신의 베아트리체 다라고나 왕비가 달콤한 밤과 향신료, 마늘, 생강, 사프란, 육두구, 양파와 같은 새로운 재료와 속을 채워 넣거나 고기로 요리하는 과일 사용법을 소개했다.",과일 사용법,FOD,121,126,밤,FOD,61,61,no_relation,,,,,,,
"15세기에는 르네상스 문화의 영향을 받은 마차시 1세 국왕과 나폴리 출신의 베아트리체 다라고나 왕비가 달콤한 밤과 향신료, 마늘, 생강, 사프란, 육두구, 양파와 같은 새로운 재료와 속을 채워 넣거나 고기로 요리하는 과일 사용법을 소개했다.",과일 사용법,FOD,121,126,향신료,FOD,64,66,no_relation,,,,,,,
"15세기에는 르네상스 문화의 영향을 받은 마차시 1세 국왕과 나폴리 출신의 베아트리체 다라고나 왕비가 달콤한 밤과 향신료, 마늘, 생강, 사프란, 육두구, 양파와 같은 새로운 재료와 속을 채워 넣거나 고기로 요리하는 과일 사용법을 소개했다.",과일 사용법,FOD,121,126,마늘,FOD,69,70,no_relation,,,,,,,
"15세기에는 르네상스 문화의 영향을 받은 마차시 1세 국왕과 나폴리 출신의 베아트리체 다라고나 왕비가 달콤한 밤과 향신료, 마늘, 생강, 사프란, 육두구, 양파와 같은 새로운 재료와 속을 채워 넣거나 고기로 요리하는 과일 사용법을 소개했다.",과일 사용법,FOD,121,126,생강,FOD,73,74,no_relation,,,,,,,
"15세기에는 르네상스 문화의 영향을 받은 마차시 1세 국왕과 나폴리 출신의 베아트리체 다라고나 왕비가 달콤한 밤과 향신료, 마늘, 생강, 사프란, 육두구, 양파와 같은 새로운 재료와 속을 채워 넣거나 고기로 요리하는 과일 사용법을 소개했다.",과일 사용법,FOD,121,126,사프란,FOD,77,79,no_relation,,,,,,,
"15세기에는 르네상스 문화의 영향을 받은 마차시 1세 국왕과 나폴리 출신의 베아트리체 다라고나 왕비가 달콤한 밤과 향신료, 마늘, 생강, 사프란, 육두구, 양파와 같은 새로운 재료와 속을 채워 넣거나 고기로 요리하는 과일 사용법을 소개했다.",과일 사용법,FOD,121,126,육두구,FOD,82,84,no_relation,,,,,,,
"15세기에는 르네상스 문화의 영향을 받은 마차시 1세 국왕과 나폴리 출신의 베아트리체 다라고나 왕비가 달콤한 밤과 향신료, 마늘, 생강, 사프란, 육두구, 양파와 같은 새로운 재료와 속을 채워 넣거나 고기로 요리하는 과일 사용법을 소개했다.",과일 사용법,FOD,121,126,양파,FOD,87,88,no_relation,,,,,,,
"15세기에는 르네상스 문화의 영향을 받은 마차시 1세 국왕과 나폴리 출신의 베아트리체 다라고나 왕비가 달콤한 밤과 향신료, 마늘, 생강, 사프란, 육두구, 양파와 같은 새로운 재료와 속을 채워 넣거나 고기로 요리하는 과일 사용법을 소개했다.",과일 사용법,FOD,121,126,고기,FOD,112,113,fod:ingredient,,,,,,,
"헝가리의 아침 식사는 일반적으로 신선한 빵이나 토스트, 버터, 치즈 또는 다른 크림 치즈, 투로 치즈(Túró, 크바르크) 또는 쾨뢰죄트(Körözött, 립타우어 치즈 스프레드), 햄, 간 파테(마이크렘(májkrém) 또는 케뇌마여시(kenőmájas)라고 부름), 베이컨, 살라미, 모르타델라, 카바노스(Kabanos), 비어부르스트(Bierwurst) 또는 콜바스(Kolbász)라고 부르는 그 외의 헝가리 소시지를 넣은 오픈 샌드위치이다.",아침,DAT,5,6,신선한 빵,FOD,18,22,fod:member_of,,,,,,,
"헝가리 요리의 다른 특징으로는 수프, 캐서롤, 디저트, 페이스트리와 소를 넣은 크레프인 펄러친터(Palacsinta, 팔라신타, 호두를 갈아 넣은 다크 초콜릿 소스에 플람베를 넣은 팬케이크), 지역마다 서로 다른 요리(예를 들어 헝가리식 매운탕인 헐라슬레(Halászlé, ""어부의 수프""라는 뜻)는 헝가리를 흐르는 2개의 큰 강인 도나우강과 티서강 유역 지대에서 다른 요리를 띤다.), 도보슈토르터(Dobostorta, 얇은 층 사이에 초콜릿 버터크림을 넣고 바삭바삭한 카라멜을 얇게 얹은 스펀지 케이크)가 있다.",펄러친터,FOD,49,52,호두,FOD,72,73,fod:ingredient,,,,,,,
"헝가리 요리의 다른 특징으로는 수프, 캐서롤, 디저트, 페이스트리와 소를 넣은 크레프인 펄러친터(Palacsinta, 팔라신타, 호두를 갈아 넣은 다크 초콜릿 소스에 플람베를 넣은 팬케이크), 지역마다 서로 다른 요리(예를 들어 헝가리식 매운탕인 헐라슬레(Halászlé, ""어부의 수프""라는 뜻)는 헝가리를 흐르는 2개의 큰 강인 도나우강과 티서강 유역 지대에서 다른 요리를 띤다.), 도보슈토르터(Dobostorta, 얇은 층 사이에 초콜릿 버터크림을 넣고 바삭바삭한 카라멜을 얇게 얹은 스펀지 케이크)가 있다.",펄러친터,FOD,49,52,다크 초콜릿 소스,FOD,82,90,fod:ingredient,,,,,,,
"헝가리 요리의 다른 특징으로는 수프, 캐서롤, 디저트, 페이스트리와 소를 넣은 크레프인 펄러친터(Palacsinta, 팔라신타, 호두를 갈아 넣은 다크 초콜릿 소스에 플람베를 넣은 팬케이크), 지역마다 서로 다른 요리(예를 들어 헝가리식 매운탕인 헐라슬레(Halászlé, ""어부의 수프""라는 뜻)는 헝가리를 흐르는 2개의 큰 강인 도나우강과 티서강 유역 지대에서 다른 요리를 띤다.), 도보슈토르터(Dobostorta, 얇은 층 사이에 초콜릿 버터크림을 넣고 바삭바삭한 카라멜을 얇게 얹은 스펀지 케이크)가 있다.",펄러친터,FOD,49,52,플람베,FOD,93,95,fod:ingredient,,,,,,,
"헝가리 요리의 다른 특징으로는 수프, 캐서롤, 디저트, 페이스트리와 소를 넣은 크레프인 펄러친터(Palacsinta, 팔라신타, 호두를 갈아 넣은 다크 초콜릿 소스에 플람베를 넣은 팬케이크), 지역마다 서로 다른 요리(예를 들어 헝가리식 매운탕인 헐라슬레(Halászlé, ""어부의 수프""라는 뜻)는 헝가리를 흐르는 2개의 큰 강인 도나우강과 티서강 유역 지대에서 다른 요리를 띤다.), 도보슈토르터(Dobostorta, 얇은 층 사이에 초콜릿 버터크림을 넣고 바삭바삭한 카라멜을 얇게 얹은 스펀지 케이크)가 있다.",도보슈토르터,FOD,217,222,초콜릿,FOD,245,247,fod:ingredient,,,,,,,
"헝가리 요리의 다른 특징으로는 수프, 캐서롤, 디저트, 페이스트리와 소를 넣은 크레프인 펄러친터(Palacsinta, 팔라신타, 호두를 갈아 넣은 다크 초콜릿 소스에 플람베를 넣은 팬케이크), 지역마다 서로 다른 요리(예를 들어 헝가리식 매운탕인 헐라슬레(Halászlé, ""어부의 수프""라는 뜻)는 헝가리를 흐르는 2개의 큰 강인 도나우강과 티서강 유역 지대에서 다른 요리를 띤다.), 도보슈토르터(Dobostorta, 얇은 층 사이에 초콜릿 버터크림을 넣고 바삭바삭한 카라멜을 얇게 얹은 스펀지 케이크)가 있다.",도보슈토르터,FOD,217,222,버터크림,FOD,249,252,fod:ingredient,,,,,,,
"헝가리 요리의 다른 특징으로는 수프, 캐서롤, 디저트, 페이스트리와 소를 넣은 크레프인 펄러친터(Palacsinta, 팔라신타, 호두를 갈아 넣은 다크 초콜릿 소스에 플람베를 넣은 팬케이크), 지역마다 서로 다른 요리(예를 들어 헝가리식 매운탕인 헐라슬레(Halászlé, ""어부의 수프""라는 뜻)는 헝가리를 흐르는 2개의 큰 강인 도나우강과 티서강 유역 지대에서 다른 요리를 띤다.), 도보슈토르터(Dobostorta, 얇은 층 사이에 초콜릿 버터크림을 넣고 바삭바삭한 카라멜을 얇게 얹은 스펀지 케이크)가 있다.",도보슈토르터,FOD,217,222,카라멜,FOD,264,266,fod:ingredient,,,,,,,
"헝가리 요리의 다른 특징으로는 수프, 캐서롤, 디저트, 페이스트리와 소를 넣은 크레프인 펄러친터(Palacsinta, 팔라신타, 호두를 갈아 넣은 다크 초콜릿 소스에 플람베를 넣은 팬케이크), 지역마다 서로 다른 요리(예를 들어 헝가리식 매운탕인 헐라슬레(Halászlé, ""어부의 수프""라는 뜻)는 헝가리를 흐르는 2개의 큰 강인 도나우강과 티서강 유역 지대에서 다른 요리를 띤다.), 도보슈토르터(Dobostorta, 얇은 층 사이에 초콜릿 버터크림을 넣고 바삭바삭한 카라멜을 얇게 얹은 스펀지 케이크)가 있다.",도보슈토르터,FOD,217,222,스펀지 케이크,FOD,275,281,no_relation,,,,,,,
"헝가리 요리의 다른 특징으로는 수프, 캐서롤, 디저트, 페이스트리와 소를 넣은 크레프인 펄러친터(Palacsinta, 팔라신타, 호두를 갈아 넣은 다크 초콜릿 소스에 플람베를 넣은 팬케이크), 지역마다 서로 다른 요리(예를 들어 헝가리식 매운탕인 헐라슬레(Halászlé, ""어부의 수프""라는 뜻)는 헝가리를 흐르는 2개의 큰 강인 도나우강과 티서강 유역 지대에서 다른 요리를 띤다.), 도보슈토르터(Dobostorta, 얇은 층 사이에 초콜릿 버터크림을 넣고 바삭바삭한 카라멜을 얇게 얹은 스펀지 케이크)가 있다.",어부의 수프,FOD,154,159,헐라슬레,FOD,138,141,fod:alternate_name,,,,,,,